Name,Speed,Reactants,Products,Modulus,Temps,States,Effects,Rek,Effect Color,Cata
CH4_O2,0.3,CH4-O2,CO2-H2O,1-2-1-2,500-1000,1-2,BURN3,12,0x00FFFF,
C2H2_O2,0.6,C2H2-O2,CO2-H2O,2-5-4-2,500-1000,1-2,BURN3,14,0xFFFF00,
C2H4_O2,0.4,C2H4-O2,CO2-H2O,1-3-2-2,500-800,1-2,BURN3,11,0x00FFFF,
C2H5OH_O2,0.5,C2H5OH-O2,CO2-H2O,1-3-2-3,400-800,1-2,BURN3,10,0x00FFFF,
CH3OH_O2,0.5,CH3OH-O2,CO2-H2O,1-3-1-2,400-800,1-2,BURN3,10,0x00FFFF,
CH4_Burn,0.6,CH4-O2,CO2-H2O,1-2-1-2,500-1000,1-2,BURN3,12,0x00FFFF,
C2H2_Burn,0.8,C2H2-O2,CO2-H2O,2-5-4-2,500-1000,1-2,BURN3,14,0xFFFF00,
C2H4_Burn,0.6,C2H4-O2,CO2-H2O,1-3-2-2,500-800,1-2,BURN3,11,0x00FFFF,
C2H6_Burn,0.6,C2H6-O2,CO2-H2O,2-7-4-6,500-900,1-2,BURN3,11,0x00FFFF,
C3H8_Burn,0.6,C3H8-O2,CO2-H2O,1-5-3-4,500-900,1-2,BURN3,11,0x00FFFF,
CH3COOH_NaOH,0.5,CH3COOH-NaOH,CH3COONa-H2O,1-1-1-1,0-500,4-2,FIZZ,0.05,0xFFFFFF,
CH3COOH_KOH,0.5,CH3COOH-KOH,CH3COOK-H2O,1-1-1-1,0-500,4-2,FIZZ,0.05,0xFFFFFF,
CH3COOH_CaOH2,0.4,CH3COOH-CaOH2,CaCH3COO2-H2O,2-1-1-2,0-500,4-2,FIZZ,0.04,0xFFFFFF,
CH3COOH_NH3,0.4,CH3COOH-NH3,CH3COONH4,1-1-1,0-500,4,FIZZ,0.04,0xFFFFFF,
C2H6_O2,0.6,C2H6-O2,CO2-H2O,2-3-4-6,200-2000,1-4,FIRE3,8,0x87CEEB,
C3H8_O2,0.6,C3H8-O2,CO2-H2O,1-5-3-4,200-2000,1-4,FIRE3,8,0x87CEEB,
CH4_H2O,0.2,CH4-H2O,CO-H2,1-1-1-1,600-1200,1-3-1,FALSE,3,0xAAAAAA,
C2H5OH_H2SO4,0.4,C2H5OH-H2SO4,C2H4-H2O,1-1-1-1,100-300,1-3-1,SMOKE2,5,0x333333,
CH3OH_H2SO4,0.4,CH3OH-H2SO4,CH2O-CH4-H2O,1-1-1-1-1,100-300,1-3-1,SMOKE2,5,0x333333,
CH3COOH_C2H5OH,0.3,CH3COOH-C2H5OH,CH3COOC2H5-H2O,1-1-1-1,50-150,1-1-1,SMOKE2,4,0xFFFFFF,
CH3COOH_C3H7OH,0.3,CH3COOH-C3H7OH,CH3COOC3H7-H2O,1-1-1-1,50-150,1-1-1,SMOKE2,4,0xFFFFFF,
CH3COOH_CH3OH,0.3,CH3COOH-CH3OH,CH3COOCH3-H2O,1-1-1-1,50-150,1-1-1,SMOKE2,4,0xFFFFFF,
C6H5COOH_C2H5OH,0.2,C6H5COOH-C2H5OH,C6H5COOC2H5-H2O,1-1-1-1,100-200,1-1-1,SMOKE2,3,0xFFFFFF,
C2H5OH_O2_Ferm,0.2,C2H5OH-O2_Ferm,CH3COOH-H2O,1-1-1-1,20-50,1-1-1,FALSE,3,0xCCCCCC,
CH3CHO_O2,0.4,CH3CHO-O2,CH3COOH,2-1-2-1,20-100,1-3,FALSE,5,0xCCCCCC,
C2H5OH_Comb,0.6,C2H5OH-Comb,CO2-H2O,1-3-2-3,200-1500,1-4,FIRE3,8,0x87CEEB,
CH3OH_Comb,0.6,CH3OH-Comb,CO2-H2O,1-1.5-1-2,200-1500,1-4,FIRE3,8,0x87CEEB,
CH3CHO_Comb,0.6,CH3CHO-Comb,CO2-H2O,1-2.5-2-3,200-1500,1-4,FIRE3,8,0x87CEEB,
C6H6_Comb,0.6,C6H6-Comb,CO2-H2O,2-7.5-6-6,200-1500,1-4,FIRE3,8,0x87CEEB,
CH4_Cl2,0.4,CH4-Cl2,CH3Cl-HCl,1-1-1-1,0-100,1-3-1,SMOKE2,5,0xFFFF00,
CH4_Br2,0.3,CH4-Br2,CH3Br-HBr,1-1-1-1,100-200,1-3-1,SMOKE2,4,0xFFFF66,
C2H6_Cl2,0.4,C2H6-Cl2,C2H5Cl-HCl,1-1-1-1,0-100,1-3-1,SMOKE2,5,0xFFFF00,
C2H6_Br2,0.3,C2H6-Br2,C2H5Br-HBr,1-1-1-1,100-200,1-3-1,SMOKE2,4,0xFFFF66,
C3H8_Cl2,0.4,C3H8-Cl2,C3H7Cl-HCl,1-1-1-1,0-100,1-3-1,SMOKE2,5,0xFFFF00,
C3H8_Br2,0.3,C3H8-Br2,C3H7Br-HBr,1-1-1-1,100-200,1-3-1,SMOKE2,4,0xFFFF66,
C2H4_Cl2,0.5,C2H4-Cl2,C2H4Cl2,1-1-1,0-50,1-3,FALSE,6,0xFFFF00,
C2H4_Br2,0.5,C2H4-Br2,C2H4Br2,1-1-1,0-50,1-3,FALSE,6,0xFFFF66,
C3H6_Cl2,0.5,C3H6-Cl2,C3H6Cl2,1-1-1,0-50,1-3,FALSE,6,0xFFFF00,
C3H6_Br2,0.5,C3H6-Br2,C3H6Br2,1-1-1,0-50,1-3,FALSE,6,0xFFFF66,
C2H2_Cl2,0.5,C2H2-Cl2,C2H2Cl2,1-1-1,0-100,1-3,FALSE,6,0xFFFF00,
C2H2_Br2,0.5,C2H2-Br2,C2H2Br2,1-1-1,0-100,1-3,FALSE,6,0xFFFF66,
C6H6_Cl2_Fe,0.3,C6H6-Cl2_Fe,C6H5Cl-HCl,1-1-1-1,50-150,1-3-1,SMOKE2,4,0xFFFF00,
C6H6_Br2_Fe,0.3,C6H6-Br2_Fe,C6H5Br-HBr,1-1-1-1,50-150,1-3-1,SMOKE2,4,0xFFFF66,
C6H6_HNO3,0.3,C6H6-HNO3,C6H5NO2-H2O,1-1-1-1,50-100,1-3-1,SMOKE2,4,0xFFFF00,
CH3Cl_H2O,0.3,CH3Cl-H2O,CH3OH-HCl,1-1-1-1,50-150,1-1-1,FALSE,4,0xFFFFFF,
C2H5Cl_H2O,0.3,C2H5Cl-H2O,C2H5OH-HCl,1-1-1-1,50-150,1-1-1,FALSE,4,0xFFFFFF,
CH3Br_H2O,0.3,CH3Br-H2O,CH3OH-HBr,1-1-1-1,50-150,1-1-1,FALSE,4,0xFFFFFF,
CH3Cl_NaOH,0.3,CH3Cl-NaOH,CH3OH-NaCl,1-1-1-1,50-150,1-2-3,FALSE,4,0xFFFFFF,
C2H5Cl_NaOH,0.3,C2H5Cl-NaOH,C2H5OH-NaCl,1-1-1-1,50-150,1-2-3,FALSE,4,0xFFFFFF,
CH3Br_NaOH,0.3,CH3Br-NaOH,CH3OH-NaBr,1-1-1-1,50-150,1-2-3,FALSE,4,0xFFFFFF,
CH3Cl_AlCl3,0.2,CH3Cl-AlCl3,CH4-AlCl3,1-1-1-1,100-300,1-3,FALSE,3,0xAAAAAA,
C2H5Cl_AlCl3,0.2,C2H5Cl-AlCl3,C2H6-AlCl3,1-1-1-1,100-300,1-3,FALSE,3,0xAAAAAA,
Na_C2H5OH,0.7,Na-C2H5OH,C2H5ONa-H2,2-1-2-1,20-100,1-3-2,BUBBLE2,8,0xAAAAAA,
Na_CH3OH,0.7,Na-CH3OH,CH3ONa-H2,2-1-2-1,20-100,1-3-2,BUBBLE2,8,0xAAAAAA,
K_C2H5OH,0.7,K-C2H5OH,C2H5OK-H2,2-1-2-1,20-100,1-3-2,BUBBLE2,8,0xAAAAAA,
K_CH3OH,0.7,K-CH3OH,CH3OK-H2,2-1-2-1,20-100,1-3-2,BUBBLE2,8,0xAAAAAA,
C2H5OH_Na,0.7,C2H5OH-Na,C2H5ONa-H2,2-1-2-1,20-100,1-2-2,BUBBLE2,8,0xAAAAAA,
C2H5OH_K,0.7,C2H5OH-K,C2H5OK-H2,2-1-2-1,20-100,1-2-2,BUBBLE2,8,0xAAAAAA,
C2H5OH_Ca,0.5,C2H5OH-Ca,C2H5OCa-H2,1-1-1-1,50-150,1-2-2,BUBBLE2,6,0xAAAAAA,
C2H5OH_Mg,0.4,C2H5OH-Mg,C2H5OMg-H2,1-1-1-1,50-200,1-2-2,BUBBLE2,5,0xAAAAAA,
NaHSO3_CH3CHO,0.4,NaHSO3-CH3CHO,CH3CH(OH)SO3Na,1-1-1-1,0-50,3-3,FALSE,5,0xFFFFFF,
NaHSO3_C2H5CHO,0.4,NaHSO3-C2H5CHO,C2H5CH(OH)SO3Na,1-1-1-1,0-50,3-3,FALSE,5,0xFFFFFF,
CH3CHO_AgNO3,0.3,CH3CHO-AgNO3,CH3COOH-Ag-NH4NO3,1-2-1-1-1,50-100,1-3-3-3,FALSE,4,0xAAAAAA,
C2H5CHO_AgNO3,0.3,C2H5CHO-AgNO3,C2H5COOH-Ag-NH4NO3,1-2-1-1-1,50-100,1-3-3-3,FALSE,4,0xAAAAAA,
CH3CHO_FeCl3,0.3,CH3CHO-FeCl3,CH3CH(OH)2FeCl2,1-1-1-1,20-100,3-3,FALSE,4,0xCC6600,
CH3CHO_Cu(OH)2,0.3,CH3CHO-Cu(OH)2,CH3COOH-Cu2O-H2O,1-2-1-1-1,50-100,1-3-3-1,FALSE,4,0xFF0000,
C2H5CHO_Cu(OH)2,0.3,C2H5CHO-Cu(OH)2,C2H5COOH-Cu2O-H2O,1-2-1-1-1,50-100,1-3-3-1,FALSE,4,0xFF0000,
CH3CHO_NaHSO3,0.4,CH3CHO-NaHSO3,CH3CH(OH)SO3Na,1-1-1-1,0-50,1-3,FALSE,5,0xFFFFFF,
CH3CHO_Na2CO3,0.2,CH3CHO-Na2CO3,CH3COONa-H2O,1-1-1-1,20-100,3-3-1,FALSE,3,0xFFFFFF,
CH3COOH_Na,0.5,CH3COOH-Na,CH3COONa-H2,1-1-1-1,20-100,1-3-2,BUBBLE2,6,0xAAAAAA,
CH3COOH_CaCO3,0.3,CH3COOH-CaCO3,CH3COOCa-H2O-CO2,1-2-1-1-1,20-100,1-3-1-1,BUBBLE2,4,0xAAAAAA,
CH3COOH_Na2CO3,0.4,CH3COOH-Na2CO3,CH3COONa-H2O-CO2,1-2-1-2-1,0-100,1-3-1-1,BUBBLE2,5,0xAAAAAA,
CH3COOH_CaO,0.4,CH3COOH-CaO,CH3COOCa-H2O,1-2-1-1,20-100,1-3-1,FALSE,5,0xFFFFFF,
CH3COOH_Ca,0.4,CH3COOH-Ca,CH3COOCa-H2,1-2-1-1,50-150,1-3-2,BUBBLE2,5,0xAAAAAA,
CH3COOH_Mg,0.4,CH3COOH-Mg,CH3COOMg-H2,1-2-1-1,50-150,1-3-2,BUBBLE2,5,0xAAAAAA,
CH3COOH_Zn,0.3,CH3COOH-Zn,CH3COOZn-H2,1-2-1-1,20-100,3-3-2,BUBBLE2,4,0xAAAAAA,
CH3COOH_Fe,0.3,CH3COOH-Fe,CH3COOFe-H2,1-2-1-1,20-100,3-3-2,BUBBLE2,4,0xAAAAAA,
CH3COOH_Cu,0.2,CH3COOH-Cu,CH3COOCu-H2,1-2-1-1,20-100,3-3-2,BUBBLE2,3,0xAAAAAA,
C2H4_H2O,0.3,C2H4-H2O,C2H5OH,1-1-1,100-300,1-1,SMOKE2,4,0xFFFFFF,
C3H6_H2O,0.3,C3H6-H2O,C3H7OH,1-1-1,100-300,1-1,SMOKE2,4,0xFFFFFF,
C2H4_H2SO4,0.4,C2H4-H2SO4,C2H5OSO3H,1-1-1,0-100,1-3,FALSE,5,0xFFFFFF,
C3H6_H2SO4,0.4,C3H6-H2SO4,C3H7OSO3H,1-1-1,0-100,1-3,FALSE,5,0xFFFFFF,
C2H5OH_HBr,0.5,C2H5OH-HBr,C2H5Br-H2O,1-1-1-1,50-150,1-3-1,FALSE,6,0xFFFF00,
CH3OH_HBr,0.5,CH3OH-HBr,CH3Br-H2O,1-1-1-1,50-150,1-3-1,FALSE,6,0xFFFF00,
C2H5OH_HCl,0.4,C2H5OH-HCl,C2H5Cl-H2O,1-1-1-1,100-200,1-3-1,FALSE,5,0xFFFF00,
CH3OH_HCl,0.4,CH3OH-HCl,CH3Cl-H2O,1-1-1-1,100-200,1-3-1,FALSE,5,0xFFFF00,
C2H5OH_HI,0.6,C2H5OH-HI,C2H5I-H2O,1-1-1-1,20-100,1-3-1,FALSE,7,0xFFFF00,
CH3OH_HI,0.6,CH3OH-HI,CH3I-H2O,1-1-1-1,20-100,1-3-1,FALSE,7,0xFFFF00,
C6H5OH_CH2O,0.2,C6H5OH-CH2O,HO-C6H4-CH2OH,2-1-2-1,50-150,1-1-1,SMOKE2,3,0xFFFFFF,
C2H5OH_CH3COCl,0.4,C2H5OH-CH3COCl,C2H5OCOCH3-HCl,1-1-1-1,0-50,1-1-1,FALSE,5,0xFFFFFF,
CH3OH_CH3COCl,0.4,CH3OH-CH3COCl,CH3OCOCH3-HCl,1-1-1-1,0-50,1-1-1,FALSE,5,0xFFFFFF,
C2H5OH_C2H5COCl,0.4,C2H5OH-C2H5COCl,C2H5OCOC2H5-HCl,1-1-1-1,0-50,1-1-1,FALSE,5,0xFFFFFF,
CH3OH_C2H5COCl,0.4,CH3OH-C2H5COCl,CH3OCOC2H5-HCl,1-1-1-1,0-50,1-1-1,FALSE,5,0xFFFFFF,
CH3OH_SOCl2,0.4,CH3OH-SOCl2,CH3Cl-SO2-HCl,1-1-1-1-1,0-50,1-3-3-1,FALSE,5,0xFFFF00,
C2H5OH_SOCl2,0.4,C2H5OH-SOCl2,C2H5Cl-SO2-HCl,1-1-1-1-1,0-50,1-3-3-1,FALSE,5,0xFFFF00,
CH3COOH_PCl5,0.4,CH3COOH-PCl5,CH3COCl-POCl3-HCl,1-1-1-1-1,0-100,1-3-1-1,FALSE,5,0xFFFF00,
C2H4_Br2_2,0.5,C2H4-Br2_2,C2H4Br2,1-1-1,0-50,1-3,FALSE,6,0xFFFF66,
C3H6_Br2_2,0.5,C3H6-Br2_2,C3H6Br2,1-1-1,0-50,1-3,FALSE,6,0xFFFF66,
CH3Br_AlCl3,0.2,CH3Br-AlCl3,CH4-AlBrCl2,1-1-1-1,100-300,1-3,FALSE,3,0xAAAAAA,
C2H5OH_K2Cr2O7,0.3,C2H5OH-K2Cr2O7,CH3COOH-Cr2(SO4)3-K2SO4-H2O,3-3-1-3-2-2-4,20-100,1-4-4-1,FALSE,4,0xAAAAAA,
CH3OH_K2Cr2O7,0.3,CH3OH-K2Cr2O7,HCHO-Cr2(SO4)3-K2SO4-H2O,3-3-1-3-2-2-4,20-100,1-4-4-1,FALSE,4,0xAAAAAA,
CH3CHO_K2Cr2O7,0.3,CH3CHO-K2Cr2O7,CH3COOH-Cr2(SO4)3-K2SO4-H2O,3-2-1-3-2-2-4,20-100,1-4-4-1,FALSE,4,0xAAAAAA,
PropanoicAcid_Ethanol,0.4,C3H6O2-C2H5OH,EthylPropanoate-H2O,1-1-1-1,60-140,2-2,FALSE,0.1,0xFFFFFF
ButanoicAcid_Methanol,0.4,C4H8O2-CH3OH,MethylButanoate-H2O,1-1-1-1,60-140,2-2,FALSE,0.1,0xFFFFFF
PentanoicAcid_Ethanol,0.4,C5H10O2-C2H5OH,EthylPentanoate-H2O,1-1-1-1,60-140,2-2,FALSE,0.1,0xFFFFFF
HexanoicAcid_Methanol,0.4,C6H12O2-CH3OH,MethylHexanoate-H2O,1-1-1-1,60-140,2-2,FALSE,0.1,0xFFFFFF
Ag2C2_Synth,0.2,SilverNitrate-C2H2,Ag2C2-HNO3,2-1-1-2,20-100,4-4,FALSE,0.8,0xFFFFFF
C3H4_Acetylide,0.6,C3H4-NaNH2,SodiumPropynide-NH3,1-1-1-1,-33-25,4-4,FALSE,0.9,0xFFFFFF
C3H4_MetalAcetylide,0.5,C3H4-AgNO3,SilverPropynide-HNO3,1-1-1-1,20-100,4-4,FALSE,0.8,0xFFFFFF
C3H4_Hydrogenation,0.4,C3H4-H2,Propene,1-1-1,RT,4-3,BURN3,0.9,0xFFFF00
C3H4_Hydration,0.4,C3H4-H2O,Acetone,1-1-1,80,4-2,FALSE,0.7,0xFFFFFF
C3H4_Comb,0.1,C3H4-O2,CO2-H2O,1-4-3-2,Ignited,4-4,BURN3,1.0,0x00FFFF
C3H4_Cleavage,0.3,C3H4-KMnO4,CO2-H2O-Acids,1-1-1-1-1,Heating,4-4,FALSE,0.5,0xFFFFFF
C4H6_DielsAlder,0.5,C4H6-MaleicAnhydride,CyclohexeneAdduct,1-1-1-1,110,4-4,FALSE,0.8,0xFFFFFF
C4H6_Bromination,0.4,C4H6-Br2,DibromoButene,1-1-2,0,4-4,FALSE,0.7,0xFFFFFF
C4H6_Comb,0.1,C4H6-O2,CO2-H2O,1-5.5-4-3,Ignited,4-4,BURN3,1.0,0x00FFFF
C4H6_Ozonolysis,0.4,C4H6-O3-ZnH2O,Succinaldehyde,1-1-1-1,-78-Warm,4-4,FALSE,0.6,0xFFFFFF
C6H12_Halogenation,0.4,C6H12-Cl2,Chlorocyclohexane-HCl,1-1-1-1,UV,4-4,FALSE,0.6,0xFFFFFF
C6H12_Oxidation,0.3,C6H12-O2,Cyclohexanone-Cyclohexanol,1-0.5-2,150,4-4,FALSE,0.1,0xFFFFFF
C6H12_Comb,0.1,C6H12-O2,CO2-H2O,1-9-6-6,Ignited,4-4,BURN3,1.0,0x00FFFF
C6H12_Dehydrogenation,0.3,C6H12,Cyclohexene-H2,1-1-1,300,4-3,FALSE,0.2,0xFFFFFF
C7H8_Nitration,0.5,C7H8-HNO3,Nitrotoluene-H2O,1-1-1-1,30-50,4-4,FALSE,0.9,0xFFFFFF
C7H8_Sulfonation,0.5,C7H8-H2SO4,TolueneSulfonicAcid-H2O,1-1-1-1,80,4-4,FALSE,0.9,0xFFFFFF
C7H8_Oxidation,0.4,C7H8-O2,BenzoicAcid-H2O,1-2-1-1,150,4-4,FALSE,0.5,0xFFFFFF
C7H8_Comb,0.1,C7H8-O2,CO2-H2O,1-9-7-4,Ignited,4-4,BURN3,1.0,0xFFFF00
CCl4_Reduction,0.3,CCl4-H2,Chloroform-HCl,1-1-1-1,200-300,4-4,FALSE,0.4,0xFFFFFF
CCl4_Comb,0.1,CCl4-O2,CO2-Cl2,1-1-1-2,500,4-4,FALSE,0.1,0xFFFFFF
CCl4_Pyrolysis,0.2,CCl4,Dichlorocarbene-Cl2,1-1-1,HighT,4-4,FALSE,0.2,0xFFFFFF
C2H5OC2H5_Br2,0.4,C2H5OC2H5-Br2,AlphaBromoEther-HBr,1-1-1-1,0,4-4,FALSE,0.6,0xFFFFFF
C2H5OC2H5_Comb,0.1,C2H5OC2H5-O2,CO2-H2O,1-6-4-4,Ignited,4-4,BURN3,1.0,0x00FFFF
C2H5OC2H5_HI,0.5,C2H5OC2H5-HI,Alcohol-AlkylIodide,1-1-1-1,100,4-4,FALSE,0.6,0xFFFFFF
C2H5OC2H5_HBr,0.5,C2H5OC2H5-HBr,Alcohol-AlkylBromide,1-1-1-1,100,4-4,FALSE,0.6,0xFFFFFF
C2H5OC2H5_H2O2,0.3,C2H5OC2H5-H2O2,Peroxide-H2O,1-1-1-1,0-25,4-4,FALSE,0.1,0xFFFFFF
C3H6O_HBr,0.5,C3H6O-HBr,C3H6OBr,1-1-1-1,0-25,4-4,FALSE,0.4,0xFFFFFF
C3H6O_Br2,0.5,C3H6O-Br2,C3H6OBr2,1-1-1-1,0-25,4-4,FALSE,0.4,0xFFFFFF
C3H6O_H2O_H2SO4,0.4,C3H6O-H2O,C3H6OOH,1-1-1-1,60-80,4-4,FALSE,0.2,0xFFFFFF
C3H6O_O3,0.4,C3H6O-O3-ZnH2O,Ozonide,1-1-1-1,-78,4-4,FALSE,0.3,0xFFFFFF
C3H7CHO_KMnO4,0.4,C3H7CHO-KMnO4,AcidProduct-MnO2,1-1-1-1,50-80,4-4,FALSE,0.3,0xFFFFFF
C3H7CHO_NaBH4,0.4,C3H7CHO-NaBH4,Alcohol,1-1-1-1,0,4-4,FALSE,0.5,0xFFFFFF
C3H7CHO_HCN,0.4,C3H7CHO-HCN,Cyanohydrin,1-1-1-1,RT,4-4,FALSE,0.2,0xFFFFFF
C4H10_Cl2,0.4,C4H10-Cl2,C4H10-HCl,1-1-1-1,0-25,4-4,FALSE,0.3,0xFFFFFF
C4H10_Br2,0.4,C4H10-Br2,C4H10-HBr,1-1-1-1,0-25,4-4,FALSE,0.3,0xFFFFFF
C4H8_HBr,0.5,C4H8-HBr,C4H8Br,1-1-1-1,0-25,4-4,FALSE,0.4,0xFFFFFF
C4H8_Br2,0.5,C4H8-Br2,C4H8Br2,1-1-1-1,0-25,4-4,FALSE,0.4,0xFFFFFF
C4H8_H2O_H2SO4,0.4,C4H8-H2O,C4H8OH,1-1-1-1,60-80,4-4,FALSE,0.2,0xFFFFFF
C4H8_O3,0.4,C4H8-O3-ZnH2O,Ozonide,1-1-1-1,-78,4-4,FALSE,0.3,0xFFFFFF
CH3NH2_O2,0.2,CH3NH2-O2,CO2-H2O-N2,4-9-4-10-2,Ignite,3-3,BURN3,8,0xFFFFFF,
CH3NH2_HCl,0.3,CH3NH2-HCl,CH3NH3Cl,1-1-1,0-100,3-3,FALSE,0,0xFFFFFF,
CH3NH2_HBr,0.3,CH3NH2-HBr,CH3NH3Br,1-1-1,0-100,3-3,FALSE,0,0xFFFFFF,
CH3NH2_HF,0.3,CH3NH2-HF,CH3NH3F,1-1-1,0-100,3-3,FALSE,0,0xFFFFFF,
CH3NH2_HI,0.3,CH3NH2-HI,CH3NH3I,1-1-1,0-100,3-3,FALSE,0,0xFFFFFF,
CH3NH2_HNO3,0.3,CH3NH2-HNO3,CH3NH3NO3,1-1-1,0-100,3-4,FALSE,0,0xFFFFFF,
CH3NH2_H2SO4,0.3,CH3NH2-H2SO4,(CH3NH3)2SO4,2-1-1,0-100,3-4,FALSE,0,0xFFFFFF,
CH3NH2_H3PO4,0.3,CH3NH2-H3PO4,CH3NH3H2PO4,1-1-1,0-100,3-4,FALSE,0,0xFFFFFF,
CH3NH2_CH3COOH,0.3,CH3NH2-CH3COOH,CH3NH3OOCCH3,1-1-1,0-100,3-4,FALSE,0,0xFFFFFF,
CH3NH2_HNO2,0.2,CH3NH2-HNO2,CH3OH-N2-H2O,1-1-1-1-1,0-50,3-4,FALSE,0,0xFFFFFF,
C2H5NH2_O2,0.2,C2H5NH2-O2,CO2-H2O-N2,4-15-8-14-2,Ignite,3-3,BURN3,8,0xFFFFFF,
C2H5NH2_HCl,0.3,C2H5NH2-HCl,C2H5NH3Cl,1-1-1,0-100,3-3,FALSE,0,0xFFFFFF,
C2H5NH2_HBr,0.3,C2H5NH2-HBr,C2H5NH3Br,1-1-1,0-100,3-3,FALSE,0,0xFFFFFF,
C2H5NH2_HF,0.3,C2H5NH2-HF,C2H5NH3F,1-1-1,0-100,3-3,FALSE,0,0xFFFFFF,
C2H5NH2_HI,0.3,C2H5NH2-HI,C2H5NH3I,1-1-1,0-100,3-3,FALSE,0,0xFFFFFF,
C2H5NH2_HNO3,0.3,C2H5NH2-HNO3,C2H5NH3NO3,1-1-1,0-100,3-4,FALSE,0,0xFFFFFF,
C2H5NH2_H2SO4,0.3,C2H5NH2-H2SO4,(C2H5NH3)2SO4,2-1-1,0-100,3-4,FALSE,0,0xFFFFFF,
C2H5NH2_H3PO4,0.3,C2H5NH2-H3PO4,C2H5NH3H2PO4,1-1-1,0-100,3-4,FALSE,0,0xFFFFFF,
C2H5NH2_CH3COOH,0.3,C2H5NH2-CH3COOH,C2H5NH3OOCCH3,1-1-1,0-100,3-4,FALSE,0,0xFFFFFF,
C2H5NH2_HNO2,0.2,C2H5NH2-HNO2,C2H5OH-N2-H2O,1-1-1-1-1,0-50,3-4,FALSE,0,0xFFFFFF,
(CH3)2NH_O2,0.2,(CH3)2NH-O2,CO2-H2O-N2,4-15-8-14-2,Ignite,3-3,BURN3,8,0xFFFFFF,
(CH3)2NH_HCl,0.3,(CH3)2NH-HCl,(CH3)2NH2Cl,1-1-1,0-100,3-3,FALSE,0,0xFFFFFF,
(CH3)2NH_HBr,0.3,(CH3)2NH-HBr,(CH3)2NH2Br,1-1-1,0-100,3-3,FALSE,0,0xFFFFFF,
(CH3)2NH_HF,0.3,(CH3)2NH-HF,(CH3)2NH2F,1-1-1,0-100,3-3,FALSE,0,0xFFFFFF,
(CH3)2NH_HI,0.3,(CH3)2NH-HI,(CH3)2NH2I,1-1-1,0-100,3-3,FALSE,0,0xFFFFFF,
(CH3)2NH_HNO3,0.3,(CH3)2NH-HNO3,(CH3)2NH2NO3,1-1-1,0-100,3-4,FALSE,0,0xFFFFFF,
(CH3)2NH_H2SO4,0.3,(CH3)2NH-H2SO4,((CH3)2NH2)2SO4,2-1-1,0-100,3-4,FALSE,0,0xFFFFFF,
(CH3)2NH_H3PO4,0.3,(CH3)2NH-H3PO4,(CH3)2NH2H2PO4,1-1-1,0-100,3-4,FALSE,0,0xFFFFFF,
(CH3)2NH_CH3COOH,0.3,(CH3)2NH-CH3COOH,(CH3)2NH2OOCCH3,1-1-1,0-100,3-4,FALSE,0,0xFFFFFF,
(CH3)2NH_HNO2,0.2,(CH3)2NH-HNO2,(CH3)2NNO-H2O,1-1-1-1,0-50,3-4,FALSE,0,0xFFFFFF,
(CH3)3N_O2,0.2,(CH3)3N-O2,CO2-H2O-N2,4-21-12-18-2,Ignite,3-3,BURN3,8,0xFFFFFF,
(CH3)3N_HCl,0.3,(CH3)3N-HCl,(CH3)3NHCl,1-1-1,0-100,3-3,FALSE,0,0xFFFFFF,
(CH3)3N_HBr,0.3,(CH3)3N-HBr,(CH3)3NHBr,1-1-1,0-100,3-3,FALSE,0,0xFFFFFF,
(CH3)3N_HF,0.3,(CH3)3N-HF,(CH3)3NHF,1-1-1,0-100,3-3,FALSE,0,0xFFFFFF,
(CH3)3N_HI,0.3,(CH3)3N-HI,(CH3)3NHI,1-1-1,0-100,3-3,FALSE,0,0xFFFFFF,
(CH3)3N_HNO3,0.3,(CH3)3N-HNO3,(CH3)3NHNO3,1-1-1,0-100,3-4,FALSE,0,0xFFFFFF,
(CH3)3N_H2SO4,0.3,(CH3)3N-H2SO4,((CH3)3NH)2SO4,2-1-1,0-100,3-4,FALSE,0,0xFFFFFF,
(CH3)3N_H3PO4,0.3,(CH3)3N-H3PO4,(CH3)3NHH2PO4,1-1-1,0-100,3-4,FALSE,0,0xFFFFFF,
(CH3)3N_CH3COOH,0.3,(CH3)3N-CH3COOH,(CH3)3NHOOCCH3,1-1-1,0-100,3-4,FALSE,0,0xFFFFFF,
(CH3)3N_CO2,0.2,(CH3)3N-CO2-H2O,(CH3)3NHHCO3,1-1-1-1,20-60,3-3-4,FALSE,0,0xFFFFFF,
(C2H5)3N_O2,0.2,(C2H5)3N-O2,CO2-H2O-N2,4-33-24-30-2,Ignite,3-3,BURN3,8,0xFFFFFF,
(C2H5)3N_HCl,0.3,(C2H5)3N-HCl,(C2H5)3NHCl,1-1-1,0-100,3-3,FALSE,0,0xFFFFFF,
(C2H5)3N_HBr,0.3,(C2H5)3N-HBr,(C2H5)3NHBr,1-1-1,0-100,3-3,FALSE,0,0xFFFFFF,
(C2H5)3N_HF,0.3,(C2H5)3N-HF,(C2H5)3NHF,1-1-1,0-100,3-3,FALSE,0,0xFFFFFF,
(C2H5)3N_HI,0.3,(C2H5)3N-HI,(C2H5)3NHI,1-1-1,0-100,3-3,FALSE,0,0xFFFFFF,
(C2H5)3N_HNO3,0.3,(C2H5)3N-HNO3,(C2H5)3NHNO3,1-1-1,0-100,3-4,FALSE,0,0xFFFFFF,
(C2H5)3N_H2SO4,0.3,(C2H5)3N-H2SO4,((C2H5)3NH)2SO4,2-1-1,0-100,3-4,FALSE,0,0xFFFFFF,
(C2H5)3N_H3PO4,0.3,(C2H5)3N-H3PO4,(C2H5)3NHH2PO4,1-1-1,0-100,3-4,FALSE,0,0xFFFFFF,
(C2H5)3N_CH3COOH,0.3,(C2H5)3N-CH3COOH,(C2H5)3NHOOCCH3,1-1-1,0-100,3-4,FALSE,0,0xFFFFFF,
(C2H5)3N_CO2,0.2,(C2H5)3N-CO2-H2O,(C2H5)3NHHCO3,1-1-1-1,20-60,3-3-4,FALSE,0,0xFFFFFF,
BBr3_CH3OH,0.5,Boron tribromide-CH3OH,B(OCH3)3-HBr,1-3-1-3,0-50,3-4,FALSE,0,0xFFFFFF,
BBr3_C2H5OH,0.5,Boron tribromide-C2H5OH,B(OC2H5)3-HBr,1-3-1-3,0-50,3-4,FALSE,0,0xFFFFFF,
BBr3_CH3NH2,0.3,Boron tribromide-CH3NH2,BBr3·NH2CH3,1-1-1,0-50,3-3,FALSE,0,0xFFFFFF,
BBr3_C2H5NH2,0.3,Boron tribromide-C2H5NH2,BBr3·NHC2H5,1-1-1,0-50,3-3,FALSE,0,0xFFFFFF,
BBr3_(CH3)2NH,0.3,Boron tribromide-(CH3)2NH,BBr3·NH(CH3)2,1-1-1,0-50,3-3,FALSE,0,0xFFFFFF,
BCl3_CH3OH,0.5,Boron trichloride-CH3OH,B(OCH3)3-HCl,1-3-1-3,0-50,3-4,FALSE,0,0xFFFFFF,
BCl3_C2H5OH,0.5,Boron trichloride-C2H5OH,B(OC2H5)3-HCl,1-3-1-3,0-50,3-4,FALSE,0,0xFFFFFF,
BCl3_CH3NH2,0.3,Boron trichloride-CH3NH2,BCl3·NH2CH3,1-1-1,0-50,3-3,FALSE,0,0xFFFFFF,
BCl3_C2H5NH2,0.3,Boron trichloride-C2H5NH2,BCl3·NHC2H5,1-1-1,0-50,3-3,FALSE,0,0xFFFFFF,
BCl3_(CH3)2NH,0.3,Boron trichloride-(CH3)2NH,BCl3·NH(CH3)2,1-1-1,0-50,3-3,FALSE,0,0xFFFFFF,
BF3_CH3OH,0.5,Boron trifluoride-CH3OH,B(OCH3)3-HF,1-3-1-3,0-50,3-4,FALSE,0,0xFFFFFF,
BF3_C2H5OH,0.5,Boron trifluoride-C2H5OH,B(OC2H5)3-HF,1-3-1-3,0-50,3-4,FALSE,0,0xFFFFFF,
BF3_CH3NH2,0.3,Boron trifluoride-CH3NH2,BF3·NH2CH3,1-1-1,0-50,3-3,FALSE,0,0xFFFFFF,
BF3_C2H5NH2,0.3,Boron trifluoride-C2H5NH2,BF3·NHC2H5,1-1-1,0-50,3-3,FALSE,0,0xFFFFFF,
BF3_(CH3)2NH,0.3,Boron trifluoride-(CH3)2NH,BF3·NH(CH3)2,1-1-1,0-50,3-3,FALSE,0,0xFFFFFF,
Lead(IV)_chloride_CH3OH,0.2,Lead(IV) chloride-CH3OH,PbCl2-CH2O-HCl,1-1-1-1-2,20-100,3-4,FALSE,0,0xFFFFFF,
Phosgene_CH3OH,0.5,Phosgene-CH3OH,(CH3O)2CO-HCl,1-2-1-2,0-50,3-4,FALSE,0,0xFFFFFF,
Phosgene_C2H5OH,0.5,Phosgene-C2H5OH,(C2H5O)2CO-HCl,1-2-1-2,0-50,3-4,FALSE,0,0xFFFFFF,
Phosgene_CH3NH2,0.4,Phosgene-CH3NH2,CO(NHCH3)2-CH3NH3Cl,1-4-1-2,0-50,3-3,FALSE,0,0xFFFFFF,
Phosgene_C2H5NH2,0.4,Phosgene-C2H5NH2,CO(NHC2H5)2-C2H5NH3Cl,1-4-1-2,0-50,3-3,FALSE,0,0xFFFFFF,
Phosgene_(CH3)2NH,0.4,Phosgene-(CH3)2NH,CO[N(CH3)2]2-(CH3)2NH2Cl,1-4-1-2,0-50,3-3,FALSE,0,0xFFFFFF,
CH3OCH3_O2,0.2,CH3OCH3-O2,CO2-H2O,1-3-2-3,Ignite,3-3,BURN3,8,0xFFFFFF,
CH3OCH3_Cl2,0.3,CH3OCH3-Cl2,CH3OCH2Cl-HCl,1-1-1-1,20-200,3-3,FALSE,0,0xFFFFFF,
CH3OCH3_Br2,0.3,CH3OCH3-Br2,CH3OCH2Br-HBr,1-1-1-1,20-200,3-3,FALSE,0,0xFFFFFF,
CH3OCH3_HI,0.4,CH3OCH3-HI,CH3I-CH3OH,1-1-1-1,20-200,3-3,FALSE,0,0xFFFFFF,
CH3OCH3_HBr,0.4,CH3OCH3-HBr,CH3Br-CH3OH,1-1-1-1,20-200,3-3,FALSE,0,0xFFFFFF,
CH3OCH3_HCl,0.2,CH3OCH3-HCl,CH3Cl-CH3OH,1-1-1-1,100-300,3-3,FALSE,0,0xFFFFFF,
CH3OCH3_H2SO4,0.2,CH3OCH3-H2SO4,CH3OH-CH3OSO3H,1-1-1-1,20-100,3-4,FALSE,0,0xFFFFFF,
CH3OCH3_HNO3,0.2,CH3OCH3-HNO3,CH3ONO2-CH3OH,1-1-1-1,20-100,3-4,FALSE,0,0xFFFFFF,
CH3OCH3_NO2,0.2,CH3OCH3-NO2,CH2O-HNO2,1-1-2-2,20-200,3-3,FALSE,0,0xFFFFFF,
CH3OCH3_O2_2,0.2,CH3OCH3-O2,CH2O-H2O,1-1-2-1,100-300,3-3,FALSE,0,0xFFFFFF,
COS_CH3NH2,0.4,Carbonyl sulfide-CH3NH2,CH3NHCSNH2-H2O,1-2-1-1,20-100,3-3,FALSE,0,0xFFFFFF,
COS_C2H5NH2,0.4,Carbonyl sulfide-C2H5NH2,C2H5NHCSNH2-H2O,1-2-1-1,20-100,3-3,FALSE,0,0xFFFFFF,
COS_(CH3)2NH,0.4,Carbonyl sulfide-(CH3)2NH,(CH3)2NCSNH2-H2O,1-2-1-1,20-100,3-3,FALSE,0,0xFFFFFF,
N2O4_CH3OH,0.3,Dinitrogen tetroxide-CH3OH,CH2O-HNO2-H2O,1-1-1-1-1,20-100,3-4,FALSE,0,0xFFFFFF,
NF3_CH3OH,0.2,Nitrogen trifluoride-CH3OH,NF3-HF,1-4-1-4,20-100,3-4,FALSE,0,0xFFFFFF,
SiF4_CH3OH,0.2,Silicon tetrafluoride-CH3OH,Si(OCH3)4-HF,1-4-1-4,20-100,3-4,FALSE,0,0xFFFFFF,
SF6_CH3OH,0.2,Sulfur hexafluoride-CH3OH,SF6-HF,1-4-1-4,20-100,3-4,FALSE,0,0xFFFFFF,
SeF6_CH3OH,0.2,Selenium hexafluoride-CH3OH,SeF6-HF,1-4-1-4,20-100,3-4,FALSE,0,0xFFFFFF,
TeF6_CH3OH,0.2,Tellurium hexafluoride-CH3OH,TeF6-HF,1-4-1-4,20-100,3-4,FALSE,0,0xFFFFFF,
SOF4_CH3OH,0.2,Thionyl tetrafluoride-CH3OH,SO(OCH3)2-HF,1-4-1-4,20-100,3-4,FALSE,0,0xFFFFFF,
CBrF3_O2,0.2,CBrF3-O2,CO2-HBr-HF,1-2-1-1-1-1,Ignite,3-3,BURN3,6,0xFFFFFF,
CBrF3_H2,0.2,CBrF3-H2,CH2F2-HBr,1-2-1-2,200-600,3-3,FALSE,0,0xFFFFFF,
CBrF3_H2O,0.2,CBrF3-H2O,CO2-HBr-HF,1-2-1-1-1,200-600,3-4,FALSE,0,0xFFFFFF,
CBrF3_NaOH,0.2,CBrF3-NaOH,Na2CO3-NaBr-NaF-H2O,1-6-1-1-1-3,100-300,3-4,FALSE,0,0xFFFFFF,
CBrF3_KOH,0.2,CBrF3-KOH,K2CO3-KBr-KF-H2O,1-6-1-1-1-3,100-300,3-4,FALSE,0,0xFFFFFF,
CBrF3_Cl2,0.2,CBrF3-Cl2,CClBrF3,1-1-1-1,200-500,3-3,FALSE,0,0xFFFFFF,
CBrF3_Na,0.2,CBrF3-Na,NaBr-NaF-C,1-4-1-1-1,200-500,3-1,FALSE,0,0xFFFFFF,
CBrF3_K,0.2,CBrF3-K,KBr-KF-C,1-4-1-1-1,200-500,3-1,FALSE,0,0xFFFFFF,
CBrF3_NH3,0.2,CBrF3-NH3,NH4Br-NH4F-C,1-4-1-1-1,200-500,3-3,FALSE,0,0xFFFFFF,
CBrF3_Br2,0.2,CBrF3-Br2,CBr2F3-HBr,1-1-1-1,200-500,3-3,FALSE,0,0xFFFFFF,
CHClF2_O2,0.2,CHClF2-O2,CO2-HCl-HF-H2O,1-2-1-1-1-1,Ignite,3-3,BURN3,6,0xFFFFFF,
CHClF2_H2,0.2,CHClF2-H2,CH2F2-HCl,1-2-1-2,200-600,3-3,FALSE,0,0xFFFFFF,
CHClF2_H2O,0.2,CHClF2-H2O,CO2-HCl-HF,1-2-1-1-1,200-600,3-4,FALSE,0,0xFFFFFF,
CHClF2_NaOH,0.2,CHClF2-NaOH,Na2CO3-NaCl-NaF-H2O,1-6-1-1-1-3,100-300,3-4,FALSE,0,0xFFFFFF,
CHClF2_KOH,0.2,CHClF2-KOH,K2CO3-KCl-KF-H2O,1-6-1-1-1-3,100-300,3-4,FALSE,0,0xFFFFFF,
CHClF2_Cl2,0.2,CHClF2-Cl2,CCl2F2-HCl,1-1-1-1,200-500,3-3,FALSE,0,0xFFFFFF,
CHClF2_Na,0.2,CHClF2-Na,NaCl-NaF-C,1-4-1-1-1,200-500,3-1,FALSE,0,0xFFFFFF,
CHClF2_K,0.2,CHClF2-K,KCl-KF-C,1-4-1-1-1,200-500,3-1,FALSE,0,0xFFFFFF,
CHClF2_NH3,0.2,CHClF2-NH3,NH4Cl-NH4F-C,1-4-1-1-1,200-500,3-3,FALSE,0,0xFFFFFF,
CHClF2_Br2,0.2,CHClF2-Br2,CBrClF2-HBr,1-1-1-1,200-500,3-3,FALSE,0,0xFFFFFF,
CCl2F2_O2,0.2,CCl2F2-O2,CO2-Cl2-F2,1-2-1-1-1-1,Ignite,3-3,BURN3,6,0xFFFFFF,
CCl2F2_H2,0.2,CCl2F2-H2,CH2F2-HCl,1-2-1-2,200-600,3-3,FALSE,0,0xFFFFFF,
CCl2F2_H2O,0.2,CCl2F2-H2O,CO2-HCl-HF,1-2-1-1-1,200-600,3-4,FALSE,0,0xFFFFFF,
CCl2F2_NaOH,0.2,CCl2F2-NaOH,Na2CO3-NaCl-NaF-H2O,1-6-1-1-1-3,100-300,3-4,FALSE,0,0xFFFFFF,
CCl2F2_KOH,0.2,CCl2F2-KOH,K2CO3-KCl-KF-H2O,1-6-1-1-1-3,100-300,3-4,FALSE,0,0xFFFFFF,
CCl2F2_Cl2,0.2,CCl2F2-Cl2,CCl3F-ClF,1-1-1-1,200-500,3-3,FALSE,0,0xFFFFFF,
CCl2F2_Na,0.2,CCl2F2-Na,NaCl-NaF-C,1-4-1-1-1,200-500,3-1,FALSE,0,0xFFFFFF,
CCl2F2_K,0.2,CCl2F2-K,KCl-KF-C,1-4-1-1-1,200-500,3-1,FALSE,0,0xFFFFFF,
CCl2F2_NH3,0.2,CCl2F2-NH3,NH4Cl-NH4F-C,1-4-1-1-1,200-500,3-3,FALSE,0,0xFFFFFF,
CCl2F2_Br2,0.2,CCl2F2-Br2,CBrClF2-ClBr,1-1-1-1,200-500,3-3,FALSE,0,0xFFFFFF,
CCl3F_O2,0.2,CCl3F-O2,CO2-Cl2-HF,1-2-1-1-1-1,Ignite,3-3,BURN3,6,0xFFFFFF,
CCl3F_H2,0.2,CCl3F-H2,CH3F-HCl,1-2-1-2,200-600,3-3,FALSE,0,0xFFFFFF,
CCl3F_H2O,0.2,CCl3F-H2O,CO2-HCl-HF,1-2-1-1-1,200-600,3-4,FALSE,0,0xFFFFFF,
CCl3F_NaOH,0.2,CCl3F-NaOH,Na2CO3-NaCl-NaF-H2O,1-6-1-1-1-3,100-300,3-4,FALSE,0,0xFFFFFF,
CCl3F_KOH,0.2,CCl3F-KOH,K2CO3-KCl-KF-H2O,1-6-1-1-1-3,100-300,3-4,FALSE,0,0xFFFFFF,
CCl3F_Cl2,0.2,CCl3F-Cl2,CCl4-HF,1-1-1-1,200-500,3-3,FALSE,0,0xFFFFFF,
CCl3F_Na,0.2,CCl3F-Na,NaCl-NaF-C,1-4-1-1-1,200-500,3-1,FALSE,0,0xFFFFFF,
CCl3F_K,0.2,CCl3F-K,KCl-KF-C,1-4-1-1-1,200-500,3-1,FALSE,0,0xFFFFFF,
CCl3F_NH3,0.2,CCl3F-NH3,NH4Cl-NH4F-C,1-4-1-1-1,200-500,3-3,FALSE,0,0xFFFFFF,
CCl3F_Br2,0.2,CCl3F-Br2,CBrCl3-HBr,1-1-1-1,200-500,3-3,FALSE,0,0xFFFFFF,
C2Cl3F3_O2,0.2,C2Cl3F3-O2,CO2-HCl-HF,1-2-1-1-1-1,Ignite,3-3,BURN3,6,0xFFFFFF,
C2Cl3F3_H2,0.2,C2Cl3F3-H2,C2H2F3-HCl,1-2-1-2,200-600,3-3,FALSE,0,0xFFFFFF,
C2Cl3F3_H2O,0.2,C2Cl3F3-H2O,CO2-HCl-HF,1-2-1-1-1,200-600,3-4,FALSE,0,0xFFFFFF,
C2Cl3F3_NaOH,0.2,C2Cl3F3-NaOH,Na2CO3-NaCl-NaF-H2O,1-6-1-1-1-3,100-300,3-4,FALSE,0,0xFFFFFF,
C2Cl3F3_KOH,0.2,C2Cl3F3-KOH,K2CO3-KCl-KF-H2O,1-6-1-1-1-3,100-300,3-4,FALSE,0,0xFFFFFF,
C2Cl3F3_Cl2,0.2,C2Cl3F3-Cl2,C2Cl4F2-HCl,1-1-1-1,200-500,3-3,FALSE,0,0xFFFFFF,
C2Cl3F3_Na,0.2,C2Cl3F3-Na,NaCl-NaF-C,1-4-1-1-1,200-500,3-1,FALSE,0,0xFFFFFF,
C2Cl3F3_K,0.2,C2Cl3F3-K,KCl-KF-C,1-4-1-1-1,200-500,3-1,FALSE,0,0xFFFFFF,
C2Cl3F3_NH3,0.2,C2Cl3F3-NH3,NH4Cl-NH4F-C,1-4-1-1-1,200-500,3-3,FALSE,0,0xFFFFFF,
C2Cl3F3_Br2,0.2,C2Cl3F3-Br2,C2BrCl3F3-HBr,1-1-1-1,200-500,3-3,FALSE,0,0xFFFFFF,
AgNH32Cl_C2H2,0.3,AgNH32Cl-C2H2,Ag2C2-NH4Cl,2-1-1-2,0-50,3-3,FALSE,0,0xFFFFFF,
[Ag(NH3)2]OH_C2H5CHO,0.3,[Ag(NH3)2]OH-C2H5CHO,C2H5COONH4-Ag-NH3-H2O,2-1-1-2-1-1,0-50,3-4,FALSE,0,0xFFFFFF,
[Ag(NH3)2]OH_C3H7CHO,0.3,[Ag(NH3)2]OH-C3H7CHO,C4H7O2NH4-Ag-NH3-H2O,2-1-1-2-1-1,0-50,3-4,FALSE,0,0xFFFFFF,
C4H10_dehyd,0.2,C4H10,C4H8-H2,1-1-1,400-700,3,FIRE2,3,0xFFFFFF,
C4H10_crack,0.2,C4H10,C2H6-C2H4,1-1-1,500-800,3,FIRE2,3,0xFFFFFF,
C4H10_nit,0.2,C4H10-HNO3,C4H9NO2-H2O,1-1-1-1,200-500,3-4,FALSE,0,0xFFFFFF,
C4H10_inc,0.2,C4H10-O2,CO-H2O,2-5-8-10,Ignite,3-3,BURN2,5,0xFFFFFF,
C3H8_dehyd,0.2,C3H8,C3H6-H2,1-1-1,400-700,3,FIRE2,3,0xFFFFFF,
C3H8_crack,0.2,C3H8,C2H4-CH4,1-1-1,500-800,3,FIRE2,3,0xFFFFFF,
C2H5CHO_KMnO4,0.2,C2H5CHO-KMnO4,C2H5COOH-MnO2,1-1-1-1,0-50,3-4,FALSE,0,0xFFFFFF,
C2H5CHO_NaBH4,0.2,C2H5CHO-NaBH4,C2H5CH2OH,1-1-1,0-50,3-4,FALSE,0,0xFFFFFF,
C3H7CHO_O2,0.2,C3H7CHO-O2,C4H8O2-H2O,2-1-2-2,20-200,3-3,FALSE,0,0xFFFFFF,
C3H7CHO_AgNO3,0.2,C3H7CHO-AgNO3,C4H8O2-Ag-NH4NO3,1-2-1-2-1,0-50,3-4,FALSE,0,0xFFFFFF,
C3H7CHO_Cu(OH)2,0.2,C3H7CHO-Cu(OH)2,C4H8O2-Cu2O-H2O,1-2-1-1-2,0-50,3-4,FALSE,0,0xFFFFFF,
C3H7CHO_NaHSO3,0.2,C3H7CHO-NaHSO3,C3H7CH(OH)SO3Na,1-1-1,0-50,3-4,FALSE,0,0xFFFFFF,
C2H5CHO_CH3OH,0.2,C2H5CHO-CH3OH,C2H5CH(OCH3)2-H2O,1-2-1-1,20-100,3-4,FALSE,0,0xFFFFFF,
Hexane_O2,0.2,Hexane-O2,CO2-H2O,1-2-1-2,Ignite,3-3,BURN3,8,0xFFFFFF,
Hexane_N2O,0.2,Hexane-N2O,CO2-H2O-N2,1-2-1-2-1,50-500,3-3,FIRE3,5,0xFFFFFF,
Hexane_CuO,0.2,Hexane-CuO,CO2-H2O-Cu,1-4-1-2-4,50-500,3-1,FIRE3,4,0xFFFFFF,
Hexane_Ag2O,0.2,Hexane-Ag2O,CO2-H2O-Ag,1-4-1-2-4,50-500,3-1,FIRE3,4,0xFFFFFF,
Hexane_PbO2,0.2,Hexane-PbO2,CO2-H2O-PbO,1-4-1-2-2,50-500,3-1,FIRE3,4,0xFFFFFF,
Hexane_Fe2O3,0.2,Hexane-Fe2O3,CO2-H2O-Fe,1-4-1-2-4,50-600,3-1,FIRE3,4,0xFFFFFF,
Hexane_HNO3,0.2,Hexane-HNO3,CO2-H2O-NO2,1-4-1-2-2,0-100,3-4,FALSE,2,0xFFFFFF,
Hexane_NO2,0.2,Hexane-NO2,CO2-H2O-NO,1-4-1-2-2,0-100,3-3,FALSE,2,0xFFFFFF,
Hexane_KMnO4,0.2,Hexane-KMnO4,CO2-H2O-MnO2-KOH,1-2-1-2-2-2,0-100,3-4,FALSE,2,0xFFFFFF,
Hexane_H2O2,0.2,Hexane-H2O2,CO2-H2O,1-2-1-2,0-100,3-4,BUBBLE2,2,0xFFFFFF,
Heptane_O2,0.2,Heptane-O2,CO2-H2O,1-2-1-2,Ignite,3-3,BURN3,8,0xFFFFFF,
Heptane_N2O,0.2,Heptane-N2O,CO2-H2O-N2,1-2-1-2-1,50-500,3-3,FIRE3,5,0xFFFFFF,
Heptane_CuO,0.2,Heptane-CuO,CO2-H2O-Cu,1-4-1-2-4,50-500,3-1,FIRE3,4,0xFFFFFF,
Heptane_Ag2O,0.2,Heptane-Ag2O,CO2-H2O-Ag,1-4-1-2-4,50-500,3-1,FIRE3,4,0xFFFFFF,
Heptane_PbO2,0.2,Heptane-PbO2,CO2-H2O-PbO,1-4-1-2-2,50-500,3-1,FIRE3,4,0xFFFFFF,
Heptane_Fe2O3,0.2,Heptane-Fe2O3,CO2-H2O-Fe,1-4-1-2-4,50-600,3-1,FIRE3,4,0xFFFFFF,
Heptane_HNO3,0.2,Heptane-HNO3,CO2-H2O-NO2,1-4-1-2-2,0-100,3-4,FALSE,2,0xFFFFFF,
Heptane_NO2,0.2,Heptane-NO2,CO2-H2O-NO,1-4-1-2-2,0-100,3-3,FALSE,2,0xFFFFFF,
Heptane_KMnO4,0.2,Heptane-KMnO4,CO2-H2O-MnO2-KOH,1-2-1-2-2-2,0-100,3-4,FALSE,2,0xFFFFFF,
Heptane_H2O2,0.2,Heptane-H2O2,CO2-H2O,1-2-1-2,0-100,3-4,BUBBLE2,2,0xFFFFFF,
Octane_O2,0.2,Octane-O2,CO2-H2O,1-2-1-2,Ignite,3-3,BURN3,8,0xFFFFFF,
Octane_N2O,0.2,Octane-N2O,CO2-H2O-N2,1-2-1-2-1,50-500,3-3,FIRE3,5,0xFFFFFF,
Octane_CuO,0.2,Octane-CuO,CO2-H2O-Cu,1-4-1-2-4,50-500,3-1,FIRE3,4,0xFFFFFF,
Octane_Ag2O,0.2,Octane-Ag2O,CO2-H2O-Ag,1-4-1-2-4,50-500,3-1,FIRE3,4,0xFFFFFF,
Octane_PbO2,0.2,Octane-PbO2,CO2-H2O-PbO,1-4-1-2-2,50-500,3-1,FIRE3,4,0xFFFFFF,
Octane_Fe2O3,0.2,Octane-Fe2O3,CO2-H2O-Fe,1-4-1-2-4,50-600,3-1,FIRE3,4,0xFFFFFF,
Octane_HNO3,0.2,Octane-HNO3,CO2-H2O-NO2,1-4-1-2-2,0-100,3-4,FALSE,2,0xFFFFFF,
Octane_NO2,0.2,Octane-NO2,CO2-H2O-NO,1-4-1-2-2,0-100,3-3,FALSE,2,0xFFFFFF,
Octane_KMnO4,0.2,Octane-KMnO4,CO2-H2O-MnO2-KOH,1-2-1-2-2-2,0-100,3-4,FALSE,2,0xFFFFFF,
Octane_H2O2,0.2,Octane-H2O2,CO2-H2O,1-2-1-2,0-100,3-4,BUBBLE2,2,0xFFFFFF,
Nonane_O2,0.2,Nonane-O2,CO2-H2O,1-2-1-2,Ignite,3-3,BURN3,8,0xFFFFFF,
Nonane_N2O,0.2,Nonane-N2O,CO2-H2O-N2,1-2-1-2-1,50-500,3-3,FIRE3,5,0xFFFFFF,
Nonane_CuO,0.2,Nonane-CuO,CO2-H2O-Cu,1-4-1-2-4,50-500,3-1,FIRE3,4,0xFFFFFF,
Nonane_Ag2O,0.2,Nonane-Ag2O,CO2-H2O-Ag,1-4-1-2-4,50-500,3-1,FIRE3,4,0xFFFFFF,
Nonane_PbO2,0.2,Nonane-PbO2,CO2-H2O-PbO,1-4-1-2-2,50-500,3-1,FIRE3,4,0xFFFFFF,
Nonane_Fe2O3,0.2,Nonane-Fe2O3,CO2-H2O-Fe,1-4-1-2-4,50-600,3-1,FIRE3,4,0xFFFFFF,
Nonane_HNO3,0.2,Nonane-HNO3,CO2-H2O-NO2,1-4-1-2-2,0-100,3-4,FALSE,2,0xFFFFFF,
Nonane_NO2,0.2,Nonane-NO2,CO2-H2O-NO,1-4-1-2-2,0-100,3-3,FALSE,2,0xFFFFFF,
Nonane_KMnO4,0.2,Nonane-KMnO4,CO2-H2O-MnO2-KOH,1-2-1-2-2-2,0-100,3-4,FALSE,2,0xFFFFFF,
Nonane_H2O2,0.2,Nonane-H2O2,CO2-H2O,1-2-1-2,0-100,3-4,BUBBLE2,2,0xFFFFFF,
Decane_O2,0.2,Decane-O2,CO2-H2O,1-2-1-2,Ignite,3-3,BURN3,8,0xFFFFFF,
Decane_N2O,0.2,Decane-N2O,CO2-H2O-N2,1-2-1-2-1,50-500,3-3,FIRE3,5,0xFFFFFF,
Decane_CuO,0.2,Decane-CuO,CO2-H2O-Cu,1-4-1-2-4,50-500,3-1,FIRE3,4,0xFFFFFF,
Decane_Ag2O,0.2,Decane-Ag2O,CO2-H2O-Ag,1-4-1-2-4,50-500,3-1,FIRE3,4,0xFFFFFF,
Decane_PbO2,0.2,Decane-PbO2,CO2-H2O-PbO,1-4-1-2-2,50-500,3-1,FIRE3,4,0xFFFFFF,
Decane_Fe2O3,0.2,Decane-Fe2O3,CO2-H2O-Fe,1-4-1-2-4,50-600,3-1,FIRE3,4,0xFFFFFF,
Decane_HNO3,0.2,Decane-HNO3,CO2-H2O-NO2,1-4-1-2-2,0-100,3-4,FALSE,2,0xFFFFFF,
Decane_NO2,0.2,Decane-NO2,CO2-H2O-NO,1-4-1-2-2,0-100,3-3,FALSE,2,0xFFFFFF,
Decane_KMnO4,0.2,Decane-KMnO4,CO2-H2O-MnO2-KOH,1-2-1-2-2-2,0-100,3-4,FALSE,2,0xFFFFFF,
Decane_H2O2,0.2,Decane-H2O2,CO2-H2O,1-2-1-2,0-100,3-4,BUBBLE2,2,0xFFFFFF,
Propylene_glycol_O2,0.2,Propylene glycol-O2,CO2-H2O,1-2-1-2,Ignite,3-3,BURN3,8,0xFFFFFF,
Propylene_glycol_N2O,0.2,Propylene glycol-N2O,CO2-H2O-N2,1-2-1-2-1,50-500,3-3,FIRE3,5,0xFFFFFF,
Propylene_glycol_CuO,0.2,Propylene glycol-CuO,CO2-H2O-Cu,1-4-1-2-4,50-500,3-1,FIRE3,4,0xFFFFFF,
Propylene_glycol_Ag2O,0.2,Propylene glycol-Ag2O,CO2-H2O-Ag,1-4-1-2-4,50-500,3-1,FIRE3,4,0xFFFFFF,
Propylene_glycol_PbO2,0.2,Propylene glycol-PbO2,CO2-H2O-PbO,1-4-1-2-2,50-500,3-1,FIRE3,4,0xFFFFFF,
Propylene_glycol_Fe2O3,0.2,Propylene glycol-Fe2O3,CO2-H2O-Fe,1-4-1-2-4,50-600,3-1,FIRE3,4,0xFFFFFF,
Propylene_glycol_HNO3,0.2,Propylene glycol-HNO3,CO2-H2O-NO2,1-4-1-2-2,0-100,3-4,FALSE,2,0xFFFFFF,
Propylene_glycol_NO2,0.2,Propylene glycol-NO2,CO2-H2O-NO,1-4-1-2-2,0-100,3-3,FALSE,2,0xFFFFFF,
Propylene_glycol_KMnO4,0.2,Propylene glycol-KMnO4,CO2-H2O-MnO2-KOH,1-2-1-2-2-2,0-100,3-4,FALSE,2,0xFFFFFF,
Propylene_glycol_H2O2,0.2,Propylene glycol-H2O2,CO2-H2O,1-2-1-2,0-100,3-4,BUBBLE2,2,0xFFFFFF,
Methyl_ethyl_ketone_O2,0.2,Methyl ethyl ketone-O2,CO2-H2O,1-2-1-2,Ignite,3-3,BURN3,8,0xFFFFFF,
Methyl_ethyl_ketone_N2O,0.2,Methyl ethyl ketone-N2O,CO2-H2O-N2,1-2-1-2-1,50-500,3-3,FIRE3,5,0xFFFFFF,
Methyl_ethyl_ketone_CuO,0.2,Methyl ethyl ketone-CuO,CO2-H2O-Cu,1-4-1-2-4,50-500,3-1,FIRE3,4,0xFFFFFF,
Methyl_ethyl_ketone_Ag2O,0.2,Methyl ethyl ketone-Ag2O,CO2-H2O-Ag,1-4-1-2-4,50-500,3-1,FIRE3,4,0xFFFFFF,
Methyl_ethyl_ketone_PbO2,0.2,Methyl ethyl ketone-PbO2,CO2-H2O-PbO,1-4-1-2-2,50-500,3-1,FIRE3,4,0xFFFFFF,
Methyl_ethyl_ketone_Fe2O3,0.2,Methyl ethyl ketone-Fe2O3,CO2-H2O-Fe,1-4-1-2-4,50-600,3-1,FIRE3,4,0xFFFFFF,
Methyl_ethyl_ketone_HNO3,0.2,Methyl ethyl ketone-HNO3,CO2-H2O-NO2,1-4-1-2-2,0-100,3-4,FALSE,2,0xFFFFFF,
Methyl_ethyl_ketone_NO2,0.2,Methyl ethyl ketone-NO2,CO2-H2O-NO,1-4-1-2-2,0-100,3-3,FALSE,2,0xFFFFFF,
Methyl_ethyl_ketone_KMnO4,0.2,Methyl ethyl ketone-KMnO4,CO2-H2O-MnO2-KOH,1-2-1-2-2-2,0-100,3-4,FALSE,2,0xFFFFFF,
Methyl_ethyl_ketone_H2O2,0.2,Methyl ethyl ketone-H2O2,CO2-H2O,1-2-1-2,0-100,3-4,BUBBLE2,2,0xFFFFFF,
Caprylic_acid_O2,0.2,Caprylic acid-O2,CO2-H2O,1-2-1-2,Ignite,3-3,BURN3,8,0xFFFFFF,
Caprylic_acid_N2O,0.2,Caprylic acid-N2O,CO2-H2O-N2,1-2-1-2-1,50-500,3-3,FIRE3,5,0xFFFFFF,
Caprylic_acid_CuO,0.2,Caprylic acid-CuO,CO2-H2O-Cu,1-4-1-2-4,50-500,3-1,FIRE3,4,0xFFFFFF,
Caprylic_acid_Ag2O,0.2,Caprylic acid-Ag2O,CO2-H2O-Ag,1-4-1-2-4,50-500,3-1,FIRE3,4,0xFFFFFF,
Caprylic_acid_PbO2,0.2,Caprylic acid-PbO2,CO2-H2O-PbO,1-4-1-2-2,50-500,3-1,FIRE3,4,0xFFFFFF,
Caprylic_acid_Fe2O3,0.2,Caprylic acid-Fe2O3,CO2-H2O-Fe,1-4-1-2-4,50-600,3-1,FIRE3,4,0xFFFFFF,
Caprylic_acid_HNO3,0.2,Caprylic acid-HNO3,CO2-H2O-NO2,1-4-1-2-2,0-100,3-4,FALSE,2,0xFFFFFF,
Caprylic_acid_NO2,0.2,Caprylic acid-NO2,CO2-H2O-NO,1-4-1-2-2,0-100,3-3,FALSE,2,0xFFFFFF,
Caprylic_acid_KMnO4,0.2,Caprylic acid-KMnO4,CO2-H2O-MnO2-KOH,1-2-1-2-2-2,0-100,3-4,FALSE,2,0xFFFFFF,
Caprylic_acid_H2O2,0.2,Caprylic acid-H2O2,CO2-H2O,1-2-1-2,0-100,3-4,BUBBLE2,2,0xFFFFFF,
Propyl_acetate_O2,0.2,Propyl acetate-O2,CO2-H2O,1-2-1-2,Ignite,3-3,BURN3,8,0xFFFFFF,
Propyl_acetate_N2O,0.2,Propyl acetate-N2O,CO2-H2O-N2,1-2-1-2-1,50-500,3-3,FIRE3,5,0xFFFFFF,
Propyl_acetate_CuO,0.2,Propyl acetate-CuO,CO2-H2O-Cu,1-4-1-2-4,50-500,3-1,FIRE3,4,0xFFFFFF,
Propyl_acetate_Ag2O,0.2,Propyl acetate-Ag2O,CO2-H2O-Ag,1-4-1-2-4,50-500,3-1,FIRE3,4,0xFFFFFF,
Propyl_acetate_PbO2,0.2,Propyl acetate-PbO2,CO2-H2O-PbO,1-4-1-2-2,50-500,3-1,FIRE3,4,0xFFFFFF,
Propyl_acetate_Fe2O3,0.2,Propyl acetate-Fe2O3,CO2-H2O-Fe,1-4-1-2-4,50-600,3-1,FIRE3,4,0xFFFFFF,
Propyl_acetate_HNO3,0.2,Propyl acetate-HNO3,CO2-H2O-NO2,1-4-1-2-2,0-100,3-4,FALSE,2,0xFFFFFF,
Propyl_acetate_NO2,0.2,Propyl acetate-NO2,CO2-H2O-NO,1-4-1-2-2,0-100,3-3,FALSE,2,0xFFFFFF,
Propyl_acetate_KMnO4,0.2,Propyl acetate-KMnO4,CO2-H2O-MnO2-KOH,1-2-1-2-2-2,0-100,3-4,FALSE,2,0xFFFFFF,
Propyl_acetate_H2O2,0.2,Propyl acetate-H2O2,CO2-H2O,1-2-1-2,0-100,3-4,BUBBLE2,2,0xFFFFFF,
Butyl_acetate_O2,0.2,Butyl acetate-O2,CO2-H2O,1-2-1-2,Ignite,3-3,BURN3,8,0xFFFFFF,
Butyl_acetate_N2O,0.2,Butyl acetate-N2O,CO2-H2O-N2,1-2-1-2-1,50-500,3-3,FIRE3,5,0xFFFFFF,
Butyl_acetate_CuO,0.2,Butyl acetate-CuO,CO2-H2O-Cu,1-4-1-2-4,50-500,3-1,FIRE3,4,0xFFFFFF,
Butyl_acetate_Ag2O,0.2,Butyl acetate-Ag2O,CO2-H2O-Ag,1-4-1-2-4,50-500,3-1,FIRE3,4,0xFFFFFF,
Butyl_acetate_PbO2,0.2,Butyl acetate-PbO2,CO2-H2O-PbO,1-4-1-2-2,50-500,3-1,FIRE3,4,0xFFFFFF,
Butyl_acetate_Fe2O3,0.2,Butyl acetate-Fe2O3,CO2-H2O-Fe,1-4-1-2-4,50-600,3-1,FIRE3,4,0xFFFFFF,
Butyl_acetate_HNO3,0.2,Butyl acetate-HNO3,CO2-H2O-NO2,1-4-1-2-2,0-100,3-4,FALSE,2,0xFFFFFF,
Butyl_acetate_NO2,0.2,Butyl acetate-NO2,CO2-H2O-NO,1-4-1-2-2,0-100,3-3,FALSE,2,0xFFFFFF,
Butyl_acetate_KMnO4,0.2,Butyl acetate-KMnO4,CO2-H2O-MnO2-KOH,1-2-1-2-2-2,0-100,3-4,FALSE,2,0xFFFFFF,
Butyl_acetate_H2O2,0.2,Butyl acetate-H2O2,CO2-H2O,1-2-1-2,0-100,3-4,BUBBLE2,2,0xFFFFFF,
Diethylamine_O2,0.2,Diethylamine-O2,CO2-H2O-N2,1-2-1-2,Ignite,3-3,BURN3,8,0xFFFFFF,
Diethylamine_N2O,0.2,Diethylamine-N2O,CO2-H2O-N2-N2,1-2-1-2-1,50-500,3-3,FIRE3,5,0xFFFFFF,
Diethylamine_CuO,0.2,Diethylamine-CuO,CO2-H2O-N2-Cu,1-4-1-2-4,50-500,3-1,FIRE3,4,0xFFFFFF,
Diethylamine_Ag2O,0.2,Diethylamine-Ag2O,CO2-H2O-N2-Ag,1-4-1-2-4,50-500,3-1,FIRE3,4,0xFFFFFF,
Diethylamine_PbO2,0.2,Diethylamine-PbO2,CO2-H2O-N2-PbO,1-4-1-2-2,50-500,3-1,FIRE3,4,0xFFFFFF,
Diethylamine_Fe2O3,0.2,Diethylamine-Fe2O3,CO2-H2O-N2-Fe,1-4-1-2-4,50-600,3-1,FIRE3,4,0xFFFFFF,
Diethylamine_HNO3,0.2,Diethylamine-HNO3,CO2-H2O-N2-NO2,1-4-1-2-2,0-100,3-4,FALSE,2,0xFFFFFF,
Diethylamine_NO2,0.2,Diethylamine-NO2,CO2-H2O-N2-NO,1-4-1-2-2,0-100,3-3,FALSE,2,0xFFFFFF,
Diethylamine_KMnO4,0.2,Diethylamine-KMnO4,CO2-H2O-N2-MnO2-KOH,1-2-1-2-2-2,0-100,3-4,FALSE,2,0xFFFFFF,
Diethylamine_H2O2,0.2,Diethylamine-H2O2,CO2-H2O-N2,1-2-1-2,0-100,3-4,BUBBLE2,2,0xFFFFFF,
Formamide_O2,0.2,Formamide-O2,CO2-H2O-N2,1-2-1-2,Ignite,3-3,BURN3,8,0xFFFFFF,
Formamide_N2O,0.2,Formamide-N2O,CO2-H2O-N2-N2,1-2-1-2-1,50-500,3-3,FIRE3,5,0xFFFFFF,
Formamide_CuO,0.2,Formamide-CuO,CO2-H2O-N2-Cu,1-4-1-2-4,50-500,3-1,FIRE3,4,0xFFFFFF,
Formamide_Ag2O,0.2,Formamide-Ag2O,CO2-H2O-N2-Ag,1-4-1-2-4,50-500,3-1,FIRE3,4,0xFFFFFF,
Formamide_PbO2,0.2,Formamide-PbO2,CO2-H2O-N2-PbO,1-4-1-2-2,50-500,3-1,FIRE3,4,0xFFFFFF,
Formamide_Fe2O3,0.2,Formamide-Fe2O3,CO2-H2O-N2-Fe,1-4-1-2-4,50-600,3-1,FIRE3,4,0xFFFFFF,
Formamide_HNO3,0.2,Formamide-HNO3,CO2-H2O-N2-NO2,1-4-1-2-2,0-100,3-4,FALSE,2,0xFFFFFF,
Formamide_NO2,0.2,Formamide-NO2,CO2-H2O-N2-NO,1-4-1-2-2,0-100,3-3,FALSE,2,0xFFFFFF,
Formamide_KMnO4,0.2,Formamide-KMnO4,CO2-H2O-N2-MnO2-KOH,1-2-1-2-2-2,0-100,3-4,FALSE,2,0xFFFFFF,
Formamide_H2O2,0.2,Formamide-H2O2,CO2-H2O-N2,1-2-1-2,0-100,3-4,BUBBLE2,2,0xFFFFFF,
Acetonitrile_O2,0.2,Acetonitrile-O2,CO2-H2O-N2,1-2-1-2,Ignite,3-3,BURN3,8,0xFFFFFF,
Acetonitrile_N2O,0.2,Acetonitrile-N2O,CO2-H2O-N2-N2,1-2-1-2-1,50-500,3-3,FIRE3,5,0xFFFFFF,
Acetonitrile_CuO,0.2,Acetonitrile-CuO,CO2-H2O-N2-Cu,1-4-1-2-4,50-500,3-1,FIRE3,4,0xFFFFFF,
Acetonitrile_Ag2O,0.2,Acetonitrile-Ag2O,CO2-H2O-N2-Ag,1-4-1-2-4,50-500,3-1,FIRE3,4,0xFFFFFF,
Acetonitrile_PbO2,0.2,Acetonitrile-PbO2,CO2-H2O-N2-PbO,1-4-1-2-2,50-500,3-1,FIRE3,4,0xFFFFFF,
Acetonitrile_Fe2O3,0.2,Acetonitrile-Fe2O3,CO2-H2O-N2-Fe,1-4-1-2-4,50-600,3-1,FIRE3,4,0xFFFFFF,
Acetonitrile_HNO3,0.2,Acetonitrile-HNO3,CO2-H2O-N2-NO2,1-4-1-2-2,0-100,3-4,FALSE,2,0xFFFFFF,
Acetonitrile_NO2,0.2,Acetonitrile-NO2,CO2-H2O-N2-NO,1-4-1-2-2,0-100,3-3,FALSE,2,0xFFFFFF,
Acetonitrile_KMnO4,0.2,Acetonitrile-KMnO4,CO2-H2O-N2-MnO2-KOH,1-2-1-2-2-2,0-100,3-4,FALSE,2,0xFFFFFF,
Acetonitrile_H2O2,0.2,Acetonitrile-H2O2,CO2-H2O-N2,1-2-1-2,0-100,3-4,BUBBLE2,2,0xFFFFFF,
Ethylbenzene_O2,0.2,Ethylbenzene-O2,CO2-H2O,1-2-1-2,Ignite,3-3,BURN3,8,0xFFFFFF,
Ethylbenzene_N2O,0.2,Ethylbenzene-N2O,CO2-H2O-N2,1-2-1-2-1,50-500,3-3,FIRE3,5,0xFFFFFF,
Ethylbenzene_CuO,0.2,Ethylbenzene-CuO,CO2-H2O-Cu,1-4-1-2-4,50-500,3-1,FIRE3,4,0xFFFFFF,
Ethylbenzene_Ag2O,0.2,Ethylbenzene-Ag2O,CO2-H2O-Ag,1-4-1-2-4,50-500,3-1,FIRE3,4,0xFFFFFF,
Ethylbenzene_PbO2,0.2,Ethylbenzene-PbO2,CO2-H2O-PbO,1-4-1-2-2,50-500,3-1,FIRE3,4,0xFFFFFF,
Ethylbenzene_Fe2O3,0.2,Ethylbenzene-Fe2O3,CO2-H2O-Fe,1-4-1-2-4,50-600,3-1,FIRE3,4,0xFFFFFF,
Ethylbenzene_HNO3,0.2,Ethylbenzene-HNO3,CO2-H2O-NO2,1-4-1-2-2,0-100,3-4,FALSE,2,0xFFFFFF,
Ethylbenzene_NO2,0.2,Ethylbenzene-NO2,CO2-H2O-NO,1-4-1-2-2,0-100,3-3,FALSE,2,0xFFFFFF,
Ethylbenzene_KMnO4,0.2,Ethylbenzene-KMnO4,CO2-H2O-MnO2-KOH,1-2-1-2-2-2,0-100,3-4,FALSE,2,0xFFFFFF,
Ethylbenzene_H2O2,0.2,Ethylbenzene-H2O2,CO2-H2O,1-2-1-2,0-100,3-4,BUBBLE2,2,0xFFFFFF,
Styrene_O2,0.2,Styrene-O2,CO2-H2O,1-2-1-2,Ignite,3-3,BURN3,8,0xFFFFFF,
Styrene_N2O,0.2,Styrene-N2O,CO2-H2O-N2,1-2-1-2-1,50-500,3-3,FIRE3,5,0xFFFFFF,
Styrene_CuO,0.2,Styrene-CuO,CO2-H2O-Cu,1-4-1-2-4,50-500,3-1,FIRE3,4,0xFFFFFF,
Styrene_Ag2O,0.2,Styrene-Ag2O,CO2-H2O-Ag,1-4-1-2-4,50-500,3-1,FIRE3,4,0xFFFFFF,
Styrene_PbO2,0.2,Styrene-PbO2,CO2-H2O-PbO,1-4-1-2-2,50-500,3-1,FIRE3,4,0xFFFFFF,
Styrene_Fe2O3,0.2,Styrene-Fe2O3,CO2-H2O-Fe,1-4-1-2-4,50-600,3-1,FIRE3,4,0xFFFFFF,
Styrene_HNO3,0.2,Styrene-HNO3,CO2-H2O-NO2,1-4-1-2-2,0-100,3-4,FALSE,2,0xFFFFFF,
Styrene_NO2,0.2,Styrene-NO2,CO2-H2O-NO,1-4-1-2-2,0-100,3-3,FALSE,2,0xFFFFFF,
Styrene_KMnO4,0.2,Styrene-KMnO4,CO2-H2O-MnO2-KOH,1-2-1-2-2-2,0-100,3-4,FALSE,2,0xFFFFFF,
Styrene_H2O2,0.2,Styrene-H2O2,CO2-H2O,1-2-1-2,0-100,3-4,BUBBLE2,2,0xFFFFFF,
Dichloromethane_O2,0.2,Dichloromethane-O2,CO2-H2O-HCl,1-2-1-2,Ignite,3-3,BURN3,8,0xFFFFFF,
Dichloromethane_N2O,0.2,Dichloromethane-N2O,CO2-H2O-N2-HCl,1-2-1-2-1,50-500,3-3,FIRE3,5,0xFFFFFF,
Dichloromethane_CuO,0.2,Dichloromethane-CuO,CO2-H2O-Cu-HCl,1-4-1-2-4,50-500,3-1,FIRE3,4,0xFFFFFF,
Dichloromethane_Ag2O,0.2,Dichloromethane-Ag2O,CO2-H2O-Ag-HCl,1-4-1-2-4,50-500,3-1,FIRE3,4,0xFFFFFF,
Dichloromethane_PbO2,0.2,Dichloromethane-PbO2,CO2-H2O-PbO-HCl,1-4-1-2-2,50-500,3-1,FIRE3,4,0xFFFFFF,
Dichloromethane_Fe2O3,0.2,Dichloromethane-Fe2O3,CO2-H2O-Fe-HCl,1-4-1-2-4,50-600,3-1,FIRE3,4,0xFFFFFF,
Dichloromethane_HNO3,0.2,Dichloromethane-HNO3,CO2-H2O-NO2-HCl,1-4-1-2-2,0-100,3-4,FALSE,2,0xFFFFFF,
Dichloromethane_NO2,0.2,Dichloromethane-NO2,CO2-H2O-NO-HCl,1-4-1-2-2,0-100,3-3,FALSE,2,0xFFFFFF,
Dichloromethane_KMnO4,0.2,Dichloromethane-KMnO4,CO2-H2O-MnO2-KOH-HCl,1-2-1-2-2-2,0-100,3-4,FALSE,2,0xFFFFFF,
Dichloromethane_H2O2,0.2,Dichloromethane-H2O2,CO2-H2O-HCl,1-2-1-2,0-100,3-4,BUBBLE2,2,0xFFFFFF,
Trichloroethylene_O2,0.2,Trichloroethylene-O2,CO2-H2O-HCl,1-2-1-2,Ignite,3-3,BURN3,8,0xFFFFFF,
Trichloroethylene_N2O,0.2,Trichloroethylene-N2O,CO2-H2O-N2-HCl,1-2-1-2-1,50-500,3-3,FIRE3,5,0xFFFFFF,
Trichloroethylene_CuO,0.2,Trichloroethylene-CuO,CO2-H2O-Cu-HCl,1-4-1-2-4,50-500,3-1,FIRE3,4,0xFFFFFF,
Trichloroethylene_Ag2O,0.2,Trichloroethylene-Ag2O,CO2-H2O-Ag-HCl,1-4-1-2-4,50-500,3-1,FIRE3,4,0xFFFFFF,
Trichloroethylene_PbO2,0.2,Trichloroethylene-PbO2,CO2-H2O-PbO-HCl,1-4-1-2-2,50-500,3-1,FIRE3,4,0xFFFFFF,
Trichloroethylene_Fe2O3,0.2,Trichloroethylene-Fe2O3,CO2-H2O-Fe-HCl,1-4-1-2-4,50-600,3-1,FIRE3,4,0xFFFFFF,
Trichloroethylene_HNO3,0.2,Trichloroethylene-HNO3,CO2-H2O-NO2-HCl,1-4-1-2-2,0-100,3-4,FALSE,2,0xFFFFFF,
Trichloroethylene_NO2,0.2,Trichloroethylene-NO2,CO2-H2O-NO-HCl,1-4-1-2-2,0-100,3-3,FALSE,2,0xFFFFFF,
Trichloroethylene_KMnO4,0.2,Trichloroethylene-KMnO4,CO2-H2O-MnO2-KOH-HCl,1-2-1-2-2-2,0-100,3-4,FALSE,2,0xFFFFFF,
Trichloroethylene_H2O2,0.2,Trichloroethylene-H2O2,CO2-H2O-HCl,1-2-1-2,0-100,3-4,BUBBLE2,2,0xFFFFFF,
Tetrachloroethylene_O2,0.2,Tetrachloroethylene-O2,CO2-H2O-HCl,1-2-1-2,Ignite,3-3,BURN3,8,0xFFFFFF,
Tetrachloroethylene_N2O,0.2,Tetrachloroethylene-N2O,CO2-H2O-N2-HCl,1-2-1-2-1,50-500,3-3,FIRE3,5,0xFFFFFF,
Tetrachloroethylene_CuO,0.2,Tetrachloroethylene-CuO,CO2-H2O-Cu-HCl,1-4-1-2-4,50-500,3-1,FIRE3,4,0xFFFFFF,
Tetrachloroethylene_Ag2O,0.2,Tetrachloroethylene-Ag2O,CO2-H2O-Ag-HCl,1-4-1-2-4,50-500,3-1,FIRE3,4,0xFFFFFF,
Tetrachloroethylene_PbO2,0.2,Tetrachloroethylene-PbO2,CO2-H2O-PbO-HCl,1-4-1-2-2,50-500,3-1,FIRE3,4,0xFFFFFF,
Tetrachloroethylene_Fe2O3,0.2,Tetrachloroethylene-Fe2O3,CO2-H2O-Fe-HCl,1-4-1-2-4,50-600,3-1,FIRE3,4,0xFFFFFF,
Tetrachloroethylene_HNO3,0.2,Tetrachloroethylene-HNO3,CO2-H2O-NO2-HCl,1-4-1-2-2,0-100,3-4,FALSE,2,0xFFFFFF,
Tetrachloroethylene_NO2,0.2,Tetrachloroethylene-NO2,CO2-H2O-NO-HCl,1-4-1-2-2,0-100,3-3,FALSE,2,0xFFFFFF,
Tetrachloroethylene_KMnO4,0.2,Tetrachloroethylene-KMnO4,CO2-H2O-MnO2-KOH-HCl,1-2-1-2-2-2,0-100,3-4,FALSE,2,0xFFFFFF,
Tetrachloroethylene_H2O2,0.2,Tetrachloroethylene-H2O2,CO2-H2O-HCl,1-2-1-2,0-100,3-4,BUBBLE2,2,0xFFFFFF,
Thionyl_chloride_CH3OH,0.3,Thionyl chloride-CH3OH,SOCl2(OCH3)-HCl,1-1-1,0-100,3-4,FALSE,0,0xFFFFFF,
Thionyl_chloride_C2H5OH,0.3,Thionyl chloride-C2H5OH,SOCl2(OC2H5)-HCl,1-1-1,0-100,3-4,FALSE,0,0xFFFFFF,
Thionyl_chloride_CH3NH2,0.3,Thionyl chloride-CH3NH2,SOCl2·NH2CH3-HCl,1-1-1,0-100,3-3,FALSE,0,0xFFFFFF,
Thionyl_chloride_C2H5NH2,0.3,Thionyl chloride-C2H5NH2,SOCl2·NHC2H5-HCl,1-1-1,0-100,3-3,FALSE,0,0xFFFFFF,
Sulfuryl_chloride_CH3OH,0.3,Sulfuryl chloride-CH3OH,SO2Cl2(OCH3)-HCl,1-1-1,0-100,3-4,FALSE,0,0xFFFFFF,
Sulfuryl_chloride_C2H5OH,0.3,Sulfuryl chloride-C2H5OH,SO2Cl2(OC2H5)-HCl,1-1-1,0-100,3-4,FALSE,0,0xFFFFFF,
Sulfuryl_chloride_CH3NH2,0.3,Sulfuryl chloride-CH3NH2,SO2Cl2·NH2CH3-HCl,1-1-1,0-100,3-3,FALSE,0,0xFFFFFF,
Sulfuryl_chloride_C2H5NH2,0.3,Sulfuryl chloride-C2H5NH2,SO2Cl2·NHC2H5-HCl,1-1-1,0-100,3-3,FALSE,0,0xFFFFFF,
Silicon_tetrachloride_CH3OH,0.3,Silicon tetrachloride-CH3OH,SiCl4(OCH3)-HCl,1-1-1,0-100,3-4,FALSE,0,0xFFFFFF,
Silicon_tetrachloride_C2H5OH,0.3,Silicon tetrachloride-C2H5OH,SiCl4(OC2H5)-HCl,1-1-1,0-100,3-4,FALSE,0,0xFFFFFF,
Silicon_tetrachloride_CH3NH2,0.3,Silicon tetrachloride-CH3NH2,SiCl4·NH2CH3-HCl,1-1-1,0-100,3-3,FALSE,0,0xFFFFFF,
Silicon_tetrachloride_C2H5NH2,0.3,Silicon tetrachloride-C2H5NH2,SiCl4·NHC2H5-HCl,1-1-1,0-100,3-3,FALSE,0,0xFFFFFF,
Germanium_tetrachloride_CH3OH,0.3,Germanium tetrachloride-CH3OH,GeCl4(OCH3)-HCl,1-1-1,0-100,3-4,FALSE,0,0xFFFFFF,
Germanium_tetrachloride_C2H5OH,0.3,Germanium tetrachloride-C2H5OH,GeCl4(OC2H5)-HCl,1-1-1,0-100,3-4,FALSE,0,0xFFFFFF,
Germanium_tetrachloride_CH3NH2,0.3,Germanium tetrachloride-CH3NH2,GeCl4·NH2CH3-HCl,1-1-1,0-100,3-3,FALSE,0,0xFFFFFF,
Germanium_tetrachloride_C2H5NH2,0.3,Germanium tetrachloride-C2H5NH2,GeCl4·NHC2H5-HCl,1-1-1,0-100,3-3,FALSE,0,0xFFFFFF,
Titanium_tetrachloride_CH3OH,0.3,Titanium tetrachloride-CH3OH,TiCl4(OCH3)-HCl,1-1-1,0-100,3-4,FALSE,0,0xFFFFFF,
Titanium_tetrachloride_C2H5OH,0.3,Titanium tetrachloride-C2H5OH,TiCl4(OC2H5)-HCl,1-1-1,0-100,3-4,FALSE,0,0xFFFFFF,
Titanium_tetrachloride_CH3NH2,0.3,Titanium tetrachloride-CH3NH2,TiCl4·NH2CH3-HCl,1-1-1,0-100,3-3,FALSE,0,0xFFFFFF,
Titanium_tetrachloride_C2H5NH2,0.3,Titanium tetrachloride-C2H5NH2,TiCl4·NHC2H5-HCl,1-1-1,0-100,3-3,FALSE,0,0xFFFFFF,
Chromyl_chloride_CH3OH,0.3,Chromyl chloride-CH3OH,CrO2Cl2(OCH3)-HCl,1-1-1,0-100,3-4,FALSE,0,0xFFFFFF,
Chromyl_chloride_C2H5OH,0.3,Chromyl chloride-C2H5OH,CrO2Cl2(OC2H5)-HCl,1-1-1,0-100,3-4,FALSE,0,0xFFFFFF,
Chromyl_chloride_CH3NH2,0.3,Chromyl chloride-CH3NH2,CrO2Cl2·NH2CH3-HCl,1-1-1,0-100,3-3,FALSE,0,0xFFFFFF,
Chromyl_chloride_C2H5NH2,0.3,Chromyl chloride-C2H5NH2,CrO2Cl2·NHC2H5-HCl,1-1-1,0-100,3-3,FALSE,0,0xFFFFFF,
C3H8O_O2,0.2,C3H8O-O2,CO2-H2O,1-2-1-2,Ignite,3-3,BURN3,8,0xFFFFFF,
C3H8O_N2O,0.2,C3H8O-N2O,CO2-H2O-N2,1-2-1-2-1,50-500,3-3,FIRE3,5,0xFFFFFF,
C3H8O_CuO,0.2,C3H8O-CuO,CO2-H2O-Cu,1-4-1-2-4,50-500,3-1,FIRE3,4,0xFFFFFF,
C3H8O_Ag2O,0.2,C3H8O-Ag2O,CO2-H2O-Ag,1-4-1-2-4,50-500,3-1,FIRE3,4,0xFFFFFF,
C3H8O_PbO2,0.2,C3H8O-PbO2,CO2-H2O-PbO,1-4-1-2-2,50-500,3-1,FIRE3,4,0xFFFFFF,
C3H8O_Fe2O3,0.2,C3H8O-Fe2O3,CO2-H2O-Fe,1-4-1-2-4,50-600,3-1,FIRE3,4,0xFFFFFF,
C3H8O_HNO3,0.2,C3H8O-HNO3,CO2-H2O-NO2,1-4-1-2-2,0-100,3-4,FALSE,2,0xFFFFFF,
C3H8O_NO2,0.2,C3H8O-NO2,CO2-H2O-NO,1-4-1-2-2,0-100,3-3,FALSE,2,0xFFFFFF,
C3H8O_KMnO4,0.2,C3H8O-KMnO4,CO2-H2O-MnO2-KOH,1-2-1-2-2-2,0-100,3-4,FALSE,2,0xFFFFFF,
C3H8O_H2O2,0.2,C3H8O-H2O2,CO2-H2O,1-2-1-2,0-100,3-4,BUBBLE2,2,0xFFFFFF,
C2H3Cl_O2,0.2,C2H3Cl-O2,CO2-H2O-HCl,1-2-1-2,Ignite,3-3,BURN3,8,0xFFFFFF,
C2H3Cl_N2O,0.2,C2H3Cl-N2O,CO2-H2O-N2-HCl,1-2-1-2-1,50-500,3-3,FIRE3,5,0xFFFFFF,
C2H3Cl_CuO,0.2,C2H3Cl-CuO,CO2-H2O-Cu-HCl,1-4-1-2-4,50-500,3-1,FIRE3,4,0xFFFFFF,
C2H3Cl_Ag2O,0.2,C2H3Cl-Ag2O,CO2-H2O-Ag-HCl,1-4-1-2-4,50-500,3-1,FIRE3,4,0xFFFFFF,
C2H3Cl_PbO2,0.2,C2H3Cl-PbO2,CO2-H2O-PbO-HCl,1-4-1-2-2,50-500,3-1,FIRE3,4,0xFFFFFF,
C2H3Cl_Fe2O3,0.2,C2H3Cl-Fe2O3,CO2-H2O-Fe-HCl,1-4-1-2-4,50-600,3-1,FIRE3,4,0xFFFFFF,
C2H3Cl_HNO3,0.2,C2H3Cl-HNO3,CO2-H2O-NO2-HCl,1-4-1-2-2,0-100,3-4,FALSE,2,0xFFFFFF,
C2H3Cl_NO2,0.2,C2H3Cl-NO2,CO2-H2O-NO-HCl,1-4-1-2-2,0-100,3-3,FALSE,2,0xFFFFFF,
C2H3Cl_KMnO4,0.2,C2H3Cl-KMnO4,CO2-H2O-MnO2-KOH-HCl,1-2-1-2-2-2,0-100,3-4,FALSE,2,0xFFFFFF,
C2H3Cl_H2O2,0.2,C2H3Cl-H2O2,CO2-H2O-HCl,1-2-1-2,0-100,3-4,BUBBLE2,2,0xFFFFFF,
CF4_H2O,0.2,CF4-H2O,CO2-HF,1-1-1,50-600,3-4,FALSE,0,0xFFFFFF,
CF4_NaOH,0.2,CF4-NaOH,NaF-CO2-H2O,1-1-1,50-600,3-4,FALSE,0,0xFFFFFF,
CF4_KOH,0.2,CF4-KOH,KF-CO2-H2O,1-1-1,50-600,3-4,FALSE,0,0xFFFFFF,
CF4_CaOH2,0.2,CF4-CaOH2,CaF2-CO2-H2O,1-1-1,50-600,3-4,FALSE,0,0xFFFFFF,
CF4_H2,0.2,CF4-H2,CH4-HF,1-1-1,50-600,3-3,FALSE,0,0xFFFFFF,
CF4_CuO,0.2,CF4-CuO,CO2-Cu-HF,1-1-1,50-600,3-3,FALSE,0,0xFFFFFF,
CF4_Ag2O,0.2,CF4-Ag2O,CO2-Ag-HF,1-1-1,50-600,3-3,FALSE,0,0xFFFFFF,
CF4_PbO2,0.2,CF4-PbO2,CO2-PbO-HF,1-1-1,50-600,3-3,FALSE,0,0xFFFFFF,
CF4_Fe2O3,0.2,CF4-Fe2O3,CO2-Fe-HF,1-1-1,50-600,3-3,FALSE,0,0xFFFFFF,
CF4_H2O2,0.2,CF4-H2O2,CO2-HF-H2O,1-1-1,50-600,3-4,FALSE,0,0xFFFFFF,
C2F6_H2O,0.2,C2F6-H2O,CO2-HF,1-1-1,50-600,3-4,FALSE,0,0xFFFFFF,
C2F6_NaOH,0.2,C2F6-NaOH,NaF-CO2-H2O,1-1-1,50-600,3-4,FALSE,0,0xFFFFFF,
C2F6_KOH,0.2,C2F6-KOH,KF-CO2-H2O,1-1-1,50-600,3-4,FALSE,0,0xFFFFFF,
C2F6_CaOH2,0.2,C2F6-CaOH2,CaF2-CO2-H2O,1-1-1,50-600,3-4,FALSE,0,0xFFFFFF,
C2F6_H2,0.2,C2F6-H2,C2H6-HF,1-1-1,50-600,3-3,FALSE,0,0xFFFFFF,
C2F6_CuO,0.2,C2F6-CuO,CO2-Cu-HF,1-1-1,50-600,3-3,FALSE,0,0xFFFFFF,
C2F6_Ag2O,0.2,C2F6-Ag2O,CO2-Ag-HF,1-1-1,50-600,3-3,FALSE,0,0xFFFFFF,
C2F6_PbO2,0.2,C2F6-PbO2,CO2-PbO-HF,1-1-1,50-600,3-3,FALSE,0,0xFFFFFF,
C2F6_Fe2O3,0.2,C2F6-Fe2O3,CO2-Fe-HF,1-1-1,50-600,3-3,FALSE,0,0xFFFFFF,
C2F6_H2O2,0.2,C2F6-H2O2,CO2-HF-H2O,1-1-1,50-600,3-4,FALSE,0,0xFFFFFF,
C3F8_H2O,0.2,C3F8-H2O,CO2-HF,1-1-1,50-600,3-4,FALSE,0,0xFFFFFF,
C3F8_NaOH,0.2,C3F8-NaOH,NaF-CO2-H2O,1-1-1,50-600,3-4,FALSE,0,0xFFFFFF,
C3F8_KOH,0.2,C3F8-KOH,KF-CO2-H2O,1-1-1,50-600,3-4,FALSE,0,0xFFFFFF,
C3F8_CaOH2,0.2,C3F8-CaOH2,CaF2-CO2-H2O,1-1-1,50-600,3-4,FALSE,0,0xFFFFFF,
C3F8_H2,0.2,C3F8-H2,C3H8-HF,1-1-1,50-600,3-3,FALSE,0,0xFFFFFF,
C3F8_CuO,0.2,C3F8-CuO,CO2-Cu-HF,1-1-1,50-600,3-3,FALSE,0,0xFFFFFF,
C3F8_Ag2O,0.2,C3F8-Ag2O,CO2-Ag-HF,1-1-1,50-600,3-3,FALSE,0,0xFFFFFF,
C3F8_PbO2,0.2,C3F8-PbO2,CO2-PbO-HF,1-1-1,50-600,3-3,FALSE,0,0xFFFFFF,
C3F8_Fe2O3,0.2,C3F8-Fe2O3,CO2-Fe-HF,1-1-1,50-600,3-3,FALSE,0,0xFFFFFF,
C3F8_H2O2,0.2,C3F8-H2O2,CO2-HF-H2O,1-1-1,50-600,3-4,FALSE,0,0xFFFFFF,
CHF3_O2,0.2,CHF3-O2,CO2-H2O-HF,1-2-1-2,Ignite,3-3,BURN3,8,0xFFFFFF,
CHF3_N2O,0.2,CHF3-N2O,CO2-H2O-N2-HF,1-2-1-2-1,50-500,3-3,FIRE3,5,0xFFFFFF,
CHF3_CuO,0.2,CHF3-CuO,CO2-H2O-Cu-HF,1-4-1-2-4,50-500,3-1,FIRE3,4,0xFFFFFF,
CHF3_Ag2O,0.2,CHF3-Ag2O,CO2-H2O-Ag-HF,1-4-1-2-4,50-500,3-1,FIRE3,4,0xFFFFFF,
CHF3_PbO2,0.2,CHF3-PbO2,CO2-H2O-PbO-HF,1-4-1-2-2,50-500,3-1,FIRE3,4,0xFFFFFF,
CHF3_Fe2O3,0.2,CHF3-Fe2O3,CO2-H2O-Fe-HF,1-4-1-2-4,50-600,3-1,FIRE3,4,0xFFFFFF,
CHF3_HNO3,0.2,CHF3-HNO3,CO2-H2O-NO2-HF,1-4-1-2-2,0-100,3-4,FALSE,2,0xFFFFFF,
CHF3_NO2,0.2,CHF3-NO2,CO2-H2O-NO-HF,1-4-1-2-2,0-100,3-3,FALSE,2,0xFFFFFF,
CHF3_KMnO4,0.2,CHF3-KMnO4,CO2-H2O-MnO2-KOH-HF,1-2-1-2-2-2,0-100,3-4,FALSE,2,0xFFFFFF,
CHF3_H2O2,0.2,CHF3-H2O2,CO2-H2O-HF,1-2-1-2,0-100,3-4,BUBBLE2,2,0xFFFFFF,
C2HF5_O2,0.2,C2HF5-O2,CO2-H2O-HF,1-2-1-2,Ignite,3-3,BURN3,8,0xFFFFFF,
C2HF5_N2O,0.2,C2HF5-N2O,CO2-H2O-N2-HF,1-2-1-2-1,50-500,3-3,FIRE3,5,0xFFFFFF,
C2HF5_CuO,0.2,C2HF5-CuO,CO2-H2O-Cu-HF,1-4-1-2-4,50-500,3-1,FIRE3,4,0xFFFFFF,
C2HF5_Ag2O,0.2,C2HF5-Ag2O,CO2-H2O-Ag-HF,1-4-1-2-4,50-500,3-1,FIRE3,4,0xFFFFFF,
C2HF5_PbO2,0.2,C2HF5-PbO2,CO2-H2O-PbO-HF,1-4-1-2-2,50-500,3-1,FIRE3,4,0xFFFFFF,
C2HF5_Fe2O3,0.2,C2HF5-Fe2O3,CO2-H2O-Fe-HF,1-4-1-2-4,50-600,3-1,FIRE3,4,0xFFFFFF,
C2HF5_HNO3,0.2,C2HF5-HNO3,CO2-H2O-NO2-HF,1-4-1-2-2,0-100,3-4,FALSE,2,0xFFFFFF,
C2HF5_NO2,0.2,C2HF5-NO2,CO2-H2O-NO-HF,1-4-1-2-2,0-100,3-3,FALSE,2,0xFFFFFF,
C2HF5_KMnO4,0.2,C2HF5-KMnO4,CO2-H2O-MnO2-KOH-HF,1-2-1-2-2-2,0-100,3-4,FALSE,2,0xFFFFFF,
C2HF5_H2O2,0.2,C2HF5-H2O2,CO2-H2O-HF,1-2-1-2,0-100,3-4,BUBBLE2,2,0xFFFFFF,
CHCl2F_O2,0.2,CHCl2F-O2,CO2-H2O-HF-HCl,1-2-1-2,Ignite,3-3,BURN3,8,0xFFFFFF,
CHCl2F_N2O,0.2,CHCl2F-N2O,CO2-H2O-N2-HF-HCl,1-2-1-2-1,50-500,3-3,FIRE3,5,0xFFFFFF,
CHCl2F_CuO,0.2,CHCl2F-CuO,CO2-H2O-Cu-HF-HCl,1-4-1-2-4,50-500,3-1,FIRE3,4,0xFFFFFF,
CHCl2F_Ag2O,0.2,CHCl2F-Ag2O,CO2-H2O-Ag-HF-HCl,1-4-1-2-4,50-500,3-1,FIRE3,4,0xFFFFFF,
CHCl2F_PbO2,0.2,CHCl2F-PbO2,CO2-H2O-PbO-HF-HCl,1-4-1-2-2,50-500,3-1,FIRE3,4,0xFFFFFF,
CHCl2F_Fe2O3,0.2,CHCl2F-Fe2O3,CO2-H2O-Fe-HF-HCl,1-4-1-2-4,50-600,3-1,FIRE3,4,0xFFFFFF,
CHCl2F_HNO3,0.2,CHCl2F-HNO3,CO2-H2O-NO2-HF-HCl,1-4-1-2-2,0-100,3-4,FALSE,2,0xFFFFFF,
CHCl2F_NO2,0.2,CHCl2F-NO2,CO2-H2O-NO-HF-HCl,1-4-1-2-2,0-100,3-3,FALSE,2,0xFFFFFF,
CHCl2F_KMnO4,0.2,CHCl2F-KMnO4,CO2-H2O-MnO2-KOH-HF-HCl,1-2-1-2-2-2,0-100,3-4,FALSE,2,0xFFFFFF,
CHCl2F_H2O2,0.2,CHCl2F-H2O2,CO2-H2O-HF-HCl,1-2-1-2,0-100,3-4,BUBBLE2,2,0xFFFFFF,
C2H4F2_O2,0.2,C2H4F2-O2,CO2-H2O-HF,1-2-1-2,Ignite,3-3,BURN3,8,0xFFFFFF,
C2H4F2_N2O,0.2,C2H4F2-N2O,CO2-H2O-N2-HF,1-2-1-2-1,50-500,3-3,FIRE3,5,0xFFFFFF,
C2H4F2_CuO,0.2,C2H4F2-CuO,CO2-H2O-Cu-HF,1-4-1-2-4,50-500,3-1,FIRE3,4,0xFFFFFF,
C2H4F2_Ag2O,0.2,C2H4F2-Ag2O,CO2-H2O-Ag-HF,1-4-1-2-4,50-500,3-1,FIRE3,4,0xFFFFFF,
C2H4F2_PbO2,0.2,C2H4F2-PbO2,CO2-H2O-PbO-HF,1-4-1-2-2,50-500,3-1,FIRE3,4,0xFFFFFF,
C2H4F2_Fe2O3,0.2,C2H4F2-Fe2O3,CO2-H2O-Fe-HF,1-4-1-2-4,50-600,3-1,FIRE3,4,0xFFFFFF,
C2H4F2_HNO3,0.2,C2H4F2-HNO3,CO2-H2O-NO2-HF,1-4-1-2-2,0-100,3-4,FALSE,2,0xFFFFFF,
C2H4F2_NO2,0.2,C2H4F2-NO2,CO2-H2O-NO-HF,1-4-1-2-2,0-100,3-3,FALSE,2,0xFFFFFF,
C2H4F2_KMnO4,0.2,C2H4F2-KMnO4,CO2-H2O-MnO2-KOH-HF,1-2-1-2-2-2,0-100,3-4,FALSE,2,0xFFFFFF,
C2H4F2_H2O2,0.2,C2H4F2-H2O2,CO2-H2O-HF,1-2-1-2,0-100,3-4,BUBBLE2,2,0xFFFFFF,
C2H3F3_O2,0.2,C2H3F3-O2,CO2-H2O-HF,1-2-1-2,Ignite,3-3,BURN3,8,0xFFFFFF,
C2H3F3_N2O,0.2,C2H3F3-N2O,CO2-H2O-N2-HF,1-2-1-2-1,50-500,3-3,FIRE3,5,0xFFFFFF,
C2H3F3_CuO,0.2,C2H3F3-CuO,CO2-H2O-Cu-HF,1-4-1-2-4,50-500,3-1,FIRE3,4,0xFFFFFF,
C2H3F3_Ag2O,0.2,C2H3F3-Ag2O,CO2-H2O-Ag-HF,1-4-1-2-4,50-500,3-1,FIRE3,4,0xFFFFFF,
C2H3F3_PbO2,0.2,C2H3F3-PbO2,CO2-H2O-PbO-HF,1-4-1-2-2,50-500,3-1,FIRE3,4,0xFFFFFF,
C2H3F3_Fe2O3,0.2,C2H3F3-Fe2O3,CO2-H2O-Fe-HF,1-4-1-2-4,50-600,3-1,FIRE3,4,0xFFFFFF,
C2H3F3_HNO3,0.2,C2H3F3-HNO3,CO2-H2O-NO2-HF,1-4-1-2-2,0-100,3-4,FALSE,2,0xFFFFFF,
C2H3F3_NO2,0.2,C2H3F3-NO2,CO2-H2O-NO-HF,1-4-1-2-2,0-100,3-3,FALSE,2,0xFFFFFF,
C2H3F3_KMnO4,0.2,C2H3F3-KMnO4,CO2-H2O-MnO2-KOH-HF,1-2-1-2-2-2,0-100,3-4,FALSE,2,0xFFFFFF,
C2H3F3_H2O2,0.2,C2H3F3-H2O2,CO2-H2O-HF,1-2-1-2,0-100,3-4,BUBBLE2,2,0xFFFFFF,
C2H2F4_O2,0.2,C2H2F4-O2,CO2-H2O-HF,1-2-1-2,Ignite,3-3,BURN3,8,0xFFFFFF,
C2H2F4_N2O,0.2,C2H2F4-N2O,CO2-H2O-N2-HF,1-2-1-2-1,50-500,3-3,FIRE3,5,0xFFFFFF,
C2H2F4_CuO,0.2,C2H2F4-CuO,CO2-H2O-Cu-HF,1-4-1-2-4,50-500,3-1,FIRE3,4,0xFFFFFF,
C2H2F4_Ag2O,0.2,C2H2F4-Ag2O,CO2-H2O-Ag-HF,1-4-1-2-4,50-500,3-1,FIRE3,4,0xFFFFFF,
C2H2F4_PbO2,0.2,C2H2F4-PbO2,CO2-H2O-PbO-HF,1-4-1-2-2,50-500,3-1,FIRE3,4,0xFFFFFF,
C2H2F4_Fe2O3,0.2,C2H2F4-Fe2O3,CO2-H2O-Fe-HF,1-4-1-2-4,50-600,3-1,FIRE3,4,0xFFFFFF,
C2H2F4_HNO3,0.2,C2H2F4-HNO3,CO2-H2O-NO2-HF,1-4-1-2-2,0-100,3-4,FALSE,2,0xFFFFFF,
C2H2F4_NO2,0.2,C2H2F4-NO2,CO2-H2O-NO-HF,1-4-1-2-2,0-100,3-3,FALSE,2,0xFFFFFF,
C2H2F4_KMnO4,0.2,C2H2F4-KMnO4,CO2-H2O-MnO2-KOH-HF,1-2-1-2-2-2,0-100,3-4,FALSE,2,0xFFFFFF,
C2H2F4_H2O2,0.2,C2H2F4-H2O2,CO2-H2O-HF,1-2-1-2,0-100,3-4,BUBBLE2,2,0xFFFFFF,
C4F10_H2O,0.2,C4F10-H2O,CO2-HF,1-1-1,50-600,3-4,FALSE,0,0xFFFFFF,
C4F10_NaOH,0.2,C4F10-NaOH,NaF-CO2-H2O,1-1-1,50-600,3-4,FALSE,0,0xFFFFFF,
C4F10_KOH,0.2,C4F10-KOH,KF-CO2-H2O,1-1-1,50-600,3-4,FALSE,0,0xFFFFFF,
C4F10_CaOH2,0.2,C4F10-CaOH2,CaF2-CO2-H2O,1-1-1,50-600,3-4,FALSE,0,0xFFFFFF,
C4F10_H2,0.2,C4F10-H2,C4H10-HF,1-1-1,50-600,3-3,FALSE,0,0xFFFFFF,
C4F10_CuO,0.2,C4F10-CuO,CO2-Cu-HF,1-1-1,50-600,3-3,FALSE,0,0xFFFFFF,
C4F10_Ag2O,0.2,C4F10-Ag2O,CO2-Ag-HF,1-1-1,50-600,3-3,FALSE,0,0xFFFFFF,
C4F10_PbO2,0.2,C4F10-PbO2,CO2-PbO-HF,1-1-1,50-600,3-3,FALSE,0,0xFFFFFF,
C4F10_Fe2O3,0.2,C4F10-Fe2O3,CO2-Fe-HF,1-1-1,50-600,3-3,FALSE,0,0xFFFFFF,
C4F10_H2O2,0.2,C4F10-H2O2,CO2-HF-H2O,1-1-1,50-600,3-4,FALSE,0,0xFFFFFF,
C3H6_O2,0.1,C3H6-O2,CO2-H2O,2-9-6-2,Ignite,3-3,BURN3,8,0xFFFFFF,
C4H8_O2,0.1,C4H8-O2,CO2-H2O,1-6-4-4,Ignite,3-3,BURN3,8,0xFFFFFF,
C4H10_O2,0.1,C4H10-O2,CO2-H2O,2-13-8-10,Ignite,3-3,BURN3,8,0xFFFFFF,
AgNH32OH_CH3CHO,0.1,[Ag(NH3)2]OH-CH3CHO,CH3COONH4-Ag-NH3-H2O,1-2-1-2-3-1,0-1000,4-3,None,0,,
CuOH2_CH3CHO,0.1,CuOH2-CH3CHO,Cu2O-CH3COOH-H2O,2-1-1-1-1,0-1000,1-3,None,0,,
AgNH32OH_C2H2,0.1,[Ag(NH3)2]OH-C2H2,Ag2C2-NH3-H2O,1-2-1-4-2,0-1000,4-3,None,0,,
AgNO3_C2H2,0.1,AgNO3-C2H2,Ag2C2-HNO3,1-2-1-2,0-1000,4-3,None,0,,
Br2_C6H6,0.1,Br2-C6H6,HBr-C6H5Br,1-1-1-1,0-100,2-2,None,0,,Fe
C6H6_Cl2,0.1,C6H6-Cl2,C6H5Cl-HCl,1-1-1-1,0-100,2-3,None,0,,AlCl3
CH4_F2,0.2,CH4-F2,C-HF,1-2-1-4,-100-100,3-3,EXPLODE2,0,,
C2H4_KMnO4,0.2,C2H4-KMnO4,C2H4OH2-MnO2-KOH,3-2-3-2-2-4,0-9999,4-4,None,0,,H2O
KMnO4_C2H2,0.2,KMnO4-C2H2,CO2-K2SO4-MnSO4-H2O,2-1-2-1-2-4-3,0-9999,4-3,None,0,,H2SO4
C2H5OH_KMnO4,0.2,C2H5OH-KMnO4,CH3COOH-MnSO4-K2SO4-H2O,5-4-5-4-2-11-6,0-9999,4-4,None,0,,H2SO4
C2H5OH,0.2,C2H5OH,C2H4-H2O,1-1-1,70-9999,3,None,0,,Al2O3
CH4,0.1,CH4,C-H2,1-1-2,500-9999,3,None,0,,
C6H6_H2SO4,0.05,C6H6-H2SO4,C6H6O3S-H2O,1-1-1-1,70-80,2-4,None,0,,
Br2_C2H4,0.2,Br2-C2H4,C2H4Br2,1-1-1,0-1000,4-3.5,None,0,,
Na_C3H6,0.2,Na-C3H6,C2H4Br2,1-1-1,0-1000,1-3,None,0,,
C2H4_HCl,0.15,C2H4-HCl,C2H5Cl,1-1-1,0-1000,4-4,None,0,,
C2H4_HBr,0.3,C2H4-HBr,C2H5Br,1-1-1,0-1000,3-3,None,0,,
C3H6_HCl,0.15,C3H6-HCl,C3H7Cl,1-1-1,0-1000,3-3,None,0,,
C3H6_HBr,0.2,C3H6-HBr,C3H7Br,1-1-1,0-1000,3-3,None,0,,
C4H8_HCl,0.4,C4H8-HCl,C4H9Cl,1-1-1,0-1000,3-3,None,0,,
H2O_C2H4,0.01,H2O-C2H4,C2H5OH,1-1-1,170-1000,2-4,None,0,,H2SO4
C2H4_H2,0.1,C2H4-H2,C2H6,1-1-1,500-2000,3-3,None,4,,Ni
C2H4_F2,0.1,C2H4-F2,C-HF,1-2-2-4,0-200,3-3,EXPLODE2,4,,
CH3CHO_H2,0.01,CH3CHO-H2,C2H5OH,1-1-1,50-2000,3-3,None,4,,Ni
Br2_C2H2,0.01,Br2-C2H2,C2H2Br2,1-1-1,0-1000,2-3,None,0,,
C6H6_H2,0.05,C6H6-H2,C6H12,1-1-1,0-1000,2-3,None,0,,Ni
C6H6_O2,0.05,C6H6-O2,CO2-H2O,2-15-12-6,Ignite,2-3,BURN3,5,0xFFFFFF,
C6H6_N2O,0.05,C6H6-N2O,C6H5OH-N2,1-1-1-1,0-9999,2-3,None,0,,
C6H6_CH3Cl,0.05,C6H6-CH3Cl,C7H8-HCl,1-1-1-1,0-9999,2-3,None,0,,AlCl3
Mg_C2H5OH,1,Mg-C2H5OH,C2H5O2Mg-H2,1-2-1-1,0-9999,1-2,None,0,,
Al_C2H5OH,1,Al-C2H5OH,C2H5O3Al-H2,2-6-2-3,0-9999,1-2,None,0,,
C2H5OH_CH3COOH,0.5,C2H5OH-CH3COOH,CH3COOC2H5-H2O,1-1-1-1,40-1000,4-4,None,0,,H2SO4
CuO_C2H5OH,0.1,CuO-C2H5OH,CH3CHO-Cu-H2O,1-1-1-1-1,80-1000,1-2,None,0,,
CuOH2_CH3COOH,0.5,CuOH2-CH3COOH,CH3COO2Cu-H2O,2-1-1-2,0-100,1-2,None,0,,
CaCO3_CH3COOH,0.3,CaCO3-CH3COOH,CH3COO2Ca-H2O-CO2,1-2-1-1-1,0-100,1-2,None,0,,
MgOH2_CH3COOH,0.5,MgOH2-CH3COOH,CH3COO2Mg-H2O,1-2-1-2,0-100,1-2,None,0,,
Mg_CH3COOH,0.5,Mg-CH3COOH,CH3COO2Mg-H2,1-2-1-1,0-100,1-2,None,0,,
Zn_CH3COOH,0.4,Zn-CH3COOH,CH3COO2Zn-H2,1-2-1-1,0-100,1-2,None,0,,
Fe_CH3COOH,0.4,Fe-CH3COOH,CH3COO2Fe-H2,1-2-1-1,0-100,1-2,None,0,,
C6H5ONa_CH3COOH,0.5,C6H5ONa-CH3COOH,C6H5OH-CH3COONa,1-1-1-1,0-400,4-4,None,0,,
CH3COOH_NaHCO3,1,CH3COOH-NaHCO3,CH3COONa-CO2-H2O,1-1-1-1-1,0-400,4-4,BUBBLE,0,0xFFFFFF,
C2H5CHO_O2,0.1,C2H5CHO-O2,C2H5COOH-H2O,1-1-1-1,0-100,4-4,BURN3,0.5,0xFFFF00,
C2H5CHO_H2,0.1,C2H5CHO-H2,C2H5CH2OH,1-1-1,0-100,4-4,BURN3,0.4,0xFFFF00,
C2H5CHO_HCN,0.1,C2H5CHO-HCN,C2H5CH(OH)CN,1-1-1,0-100,4-4,FALSE,0.3,0xFFFFFF,
C3H4_H2,0.1,C3H4-H2,C3H6,1-1-1,0-100,4-4,BURN3,0.4,0xFFFF00,
C3H4_H2O_H2SO4,0.1,C3H4-H2O,CH3COCH3,1-1-1,0-100,4-4,FALSE,0.3,0xFFFFFF,
C3H4_AgNO3,0.1,C3H4-AgNO3,AgC3H3-HNO3,1-1-1-1,0-100,4-4,EXPLOSIVE,0.1,0xFF0000,
C3H6O2_Ethanol,0.1,C3H6O2-Ethanol,C3H5O2C2H5-H2O,1-1-1-1,0-100,4-4,FALSE,0.3,0xFFFFFF,
C4H6_Br2,0.1,C4H6-Br2,C4H6Br2,1-1-2,0-100,4-4,FALSE,0.5,0xFFFFFF,
C4H6_H2,0.1,C4H6-H2,C4H8,1-1-1,0-100,4-4,BURN3,0.4,0xFFFF00,
C4H6_O3,0.1,C4H6-O3-ZnH2O,CHOCH2CH2CHO,1-1-1,0-100,4-4,FALSE,0.3,0xFFFFFF,
C4H8O2_Methanol,0.1,C4H8O2-Methanol,C4H7O2CH3-H2O,1-1-1-1,0-100,4-4,FALSE,0.3,0xFFFFFF,
C5H10O2_Ethanol,0.1,C5H10O2-Ethanol,C5H9O2C2H5-H2O,1-1-1-1,0-100,4-4,FALSE,0.3,0xFFFFFF,
C6H12O2_Methanol,0.1,C6H12O2-Methanol,C6H11O2CH3-H2O,1-1-1-1,0-100,4-4,FALSE,0.3,0xFFFFFF,
C2H5Cl_Comb2,0.1,C2H5Cl-O2,CO2-H2O,1-2-1-2,Ignited,3-3,BURN3,1.0,0x00FFFF,
C2H5Cl_KMnO4,0.3,C2H5Cl-KMnO4,OxidizedProducts,1-1,80-100,4-4,BURN3,0.3,0xFFFFFF,
C2H6_Comb2,0.1,C2H6-O2,CO2-H2O,1-2-1-2,Ignited,3-3,BURN3,1.0,0x00FFFF,
C2H6_H2O,0.3,C2H6-H2O,Products,1-1,RT-reflux,4-4,FALSE,0.2,0xFFFFFF,
C2H6_KMnO4,0.3,C2H6-KMnO4,OxidizedProducts,1-1,80-100,4-4,BURN3,0.3,0xFFFFFF,
C3H8_H2O,0.3,C3H8-H2O,Products,1-1,RT-reflux,4-4,FALSE,0.2,0xFFFFFF,
C3H8_KMnO4,0.3,C3H8-KMnO4,OxidizedProducts,1-1,80-100,4-4,BURN3,0.3,0xFFFFFF,
C6H12_Comb2,0.1,C6H12-O2,CO2-H2O,1-2-1-2,Ignited,3-3,BURN3,1.0,0x00FFFF,
C6H12_H2O,0.3,C6H12-H2O,Products,1-1,RT-reflux,4-4,FALSE,0.2,0xFFFFFF,
C6H12_KMnO4,0.3,C6H12-KMnO4,OxidizedProducts,1-1,80-100,4-4,BURN3,0.3,0xFFFFFF,
C7H8_Comb2,0.1,C7H8-O2,CO2-H2O,1-2-1-2,Ignited,3-3,BURN3,1.0,0x00FFFF,
C7H8_H2O,0.3,C7H8-H2O,Products,1-1,RT-reflux,4-4,FALSE,0.2,0xFFFFFF,
C7H8_KMnO4,0.3,C7H8-KMnO4,OxidizedProducts,1-1,80-100,4-4,BURN3,0.3,0xFFFFFF,
CCl4_Comb2,0.1,CCl4-O2,CO2-H2O,1-2-1-2,Ignited,3-3,BURN3,1.0,0x00FFFF,
CCl4_H2O,0.3,CCl4-H2O,Products,1-1,RT-reflux,4-4,FALSE,0.2,0xFFFFFF,
CCl4_KMnO4,0.3,CCl4-KMnO4,OxidizedProducts,1-1,80-100,4-4,BURN3,0.3,0xFFFFFF,
CH3Cl_Comb2,0.1,CH3Cl-O2,CO2-H2O,1-2-1-2,Ignited,3-3,BURN3,1.0,0x00FFFF,
CH3Cl_KMnO4,0.3,CH3Cl-KMnO4,OxidizedProducts,1-1,80-100,4-4,BURN3,0.3,0xFFFFFF,
